Product Name,Category
Whey Protein,Protein
Vitamin C,Vitamin
Fish Oil,Omega
Multivitamin,Vitamin
Pre-Workout,Performance
BCAA,Amino Acid
Creatine,Performance
Zinc,Mineral
Collagen Peptides,Protein
Magnesium,Mineral
Ashwagandha,Herbal
Melatonin,Sleep Aid
Biotin,Vitamin
Green Tea Extract,Fat Burner
Iron Supplement,Mineral
Electrolyte Powder,Hydration
Whey Protein,Protein
Vitamin C,Vitamin
Fish Oil,Omega
Multivitamin,Vitamin
Pre-Workout,Performance
BCAA,Amino Acid
Creatine,Performance
Zinc,Mineral
Collagen Peptides,Protein
Magnesium,Mineral
Ashwagandha,Herbal
Melatonin,Sleep Aid
Biotin,Vitamin
Green Tea Extract,Fat Burner
Iron Supplement,Mineral
Electrolyte Powder,Hydration
Whey Protein,Protein
Vitamin C,Vitamin
Fish Oil,Omega
Multivitamin,Vitamin
Pre-Workout,Performance
BCAA,Amino Acid
Creatine,Performance
Zinc,Mineral
Collagen Peptides,Protein
Magnesium,Mineral
Ashwagandha,Herbal
Melatonin,Sleep Aid
Biotin,Vitamin
Green Tea Extract,Fat Burner
Iron Supplement,Mineral
Electrolyte Powder,Hydration
Whey Protein,Protein
Vitamin C,Vitamin
Fish Oil,Omega
Multivitamin,Vitamin
Pre-Workout,Performance
BCAA,Amino Acid
Creatine,Performance
Zinc,Mineral
Collagen Peptides,Protein
Magnesium,Mineral
Ashwagandha,Herbal
Melatonin,Sleep Aid
Biotin,Vitamin
Green Tea Extract,Fat Burner
Iron Supplement,Mineral
Electrolyte Powder,Hydration
Whey Protein,Protein
Vitamin C,Vitamin
Fish Oil,Omega
Multivitamin,Vitamin
Pre-Workout,Performance
BCAA,Amino Acid
Creatine,Performance
Zinc,Mineral
Collagen Peptides,Protein
Magnesium,Mineral
Ashwagandha,Herbal
Melatonin,Sleep Aid
Biotin,Vitamin
Green Tea Extract,Fat Burner
Iron Supplement,Mineral
Electrolyte Powder,Hydration
Whey Protein,Protein
Vitamin C,Vitamin
Fish Oil,Omega
Multivitamin,Vitamin
Pre-Workout,Performance
BCAA,Amino Acid
Creatine,Performance
Zinc,Mineral
Collagen Peptides,Protein
Magnesium,Mineral
Ashwagandha,Herbal
Melatonin,Sleep Aid
Biotin,Vitamin
Green Tea Extract,Fat Burner
Iron Supplement,Mineral
Electrolyte Powder,Hydration
Whey Protein,Protein
Vitamin C,Vitamin
Fish Oil,Omega
Multivitamin,Vitamin
Pre-Workout,Performance
BCAA,Amino Acid
Creatine,Performance
Zinc,Mineral
Collagen Peptides,Protein
Magnesium,Mineral
Ashwagandha,Herbal
Melatonin,Sleep Aid
Biotin,Vitamin
Green Tea Extract,Fat Burner
Iron Supplement,Mineral
Electrolyte Powder,Hydration
Whey Protein,Protein
Vitamin C,Vitamin
Fish Oil,Omega
Multivitamin,Vitamin
Pre-Workout,Performance
BCAA,Amino Acid
Creatine,Performance
Zinc,Mineral
Collagen Peptides,Protein
Magnesium,Mineral
Ashwagandha,Herbal
Melatonin,Sleep Aid
Biotin,Vitamin
Green Tea Extract,Fat Burner
Iron Supplement,Mineral
Electrolyte Powder,Hydration
Whey Protein,Protein
Vitamin C,Vitamin
Fish Oil,Omega
Multivitamin,Vitamin
Pre-Workout,Performance
BCAA,Amino Acid
Creatine,Performance
Zinc,Mineral
Collagen Peptides,Protein
Magnesium,Mineral
Ashwagandha,Herbal
Melatonin,Sleep Aid
Biotin,Vitamin
Green Tea Extract,Fat Burner
Iron Supplement,Mineral
Electrolyte Powder,Hydration
Whey Protein,Protein
Vitamin C,Vitamin
Fish Oil,Omega
Multivitamin,Vitamin
Pre-Workout,Performance
BCAA,Amino Acid
Creatine,Performance
Zinc,Mineral
Collagen Peptides,Protein
Magnesium,Mineral
Ashwagandha,Herbal
Melatonin,Sleep Aid
Biotin,Vitamin
Green Tea Extract,Fat Burner
Iron Supplement,Mineral
Electrolyte Powder,Hydration
Whey Protein,Protein
Vitamin C,Vitamin
Fish Oil,Omega
Multivitamin,Vitamin
Pre-Workout,Performance
BCAA,Amino Acid
Creatine,Performance
Zinc,Mineral
Collagen Peptides,Protein
Magnesium,Mineral
Ashwagandha,Herbal
Melatonin,Sleep Aid
Biotin,Vitamin
Green Tea Extract,Fat Burner
Iron Supplement,Mineral
Electrolyte Powder,Hydration
Whey Protein,Protein
Vitamin C,Vitamin
Fish Oil,Omega
Multivitamin,Vitamin
Pre-Workout,Performance
BCAA,Amino Acid
Creatine,Performance
Zinc,Mineral
Collagen Peptides,Protein
Magnesium,Mineral
Ashwagandha,Herbal
Melatonin,Sleep Aid
Biotin,Vitamin
Green Tea Extract,Fat Burner
Iron Supplement,Mineral
Electrolyte Powder,Hydration
Whey Protein,Protein
Vitamin C,Vitamin
Fish Oil,Omega
Multivitamin,Vitamin
Pre-Workout,Performance
BCAA,Amino Acid
Creatine,Performance
Zinc,Mineral
Collagen Peptides,Protein
Magnesium,Mineral
Ashwagandha,Herbal
Melatonin,Sleep Aid
Biotin,Vitamin
Green Tea Extract,Fat Burner
Iron Supplement,Mineral
Electrolyte Powder,Hydration
Whey Protein,Protein
Vitamin C,Vitamin
Fish Oil,Omega
Multivitamin,Vitamin
Pre-Workout,Performance
BCAA,Amino Acid
Creatine,Performance
Zinc,Mineral
Collagen Peptides,Protein
Magnesium,Mineral
Ashwagandha,Herbal
Melatonin,Sleep Aid
Biotin,Vitamin
Green Tea Extract,Fat Burner
Iron Supplement,Mineral
Electrolyte Powder,Hydration
Whey Protein,Protein
Vitamin C,Vitamin
Fish Oil,Omega
Multivitamin,Vitamin
Pre-Workout,Performance
BCAA,Amino Acid
Creatine,Performance
Zinc,Mineral
Collagen Peptides,Protein
Magnesium,Mineral
Ashwagandha,Herbal
Melatonin,Sleep Aid
Biotin,Vitamin
Green Tea Extract,Fat Burner
Iron Supplement,Mineral
Electrolyte Powder,Hydration
Whey Protein,Protein
Vitamin C,Vitamin
Fish Oil,Omega
Multivitamin,Vitamin
Pre-Workout,Performance
BCAA,Amino Acid
Creatine,Performance
Zinc,Mineral
Collagen Peptides,Protein
Magnesium,Mineral
Ashwagandha,Herbal
Melatonin,Sleep Aid
Biotin,Vitamin
Green Tea Extract,Fat Burner
Iron Supplement,Mineral
Electrolyte Powder,Hydration
Whey Protein,Protein
Vitamin C,Vitamin
Fish Oil,Omega
Multivitamin,Vitamin
Pre-Workout,Performance
BCAA,Amino Acid
Creatine,Performance
Zinc,Mineral
Collagen Peptides,Protein
Magnesium,Mineral
Ashwagandha,Herbal
Melatonin,Sleep Aid
Biotin,Vitamin
Green Tea Extract,Fat Burner
Iron Supplement,Mineral
Electrolyte Powder,Hydration
Whey Protein,Protein
Vitamin C,Vitamin
Fish Oil,Omega
Multivitamin,Vitamin
Pre-Workout,Performance
BCAA,Amino Acid
Creatine,Performance
Zinc,Mineral
Collagen Peptides,Protein
Magnesium,Mineral
Ashwagandha,Herbal
Melatonin,Sleep Aid
Biotin,Vitamin
Green Tea Extract,Fat Burner
Iron Supplement,Mineral
Electrolyte Powder,Hydration
Whey Protein,Protein
Vitamin C,Vitamin
Fish Oil,Omega
Multivitamin,Vitamin
Pre-Workout,Performance
BCAA,Amino Acid
Creatine,Performance
Zinc,Mineral
Collagen Peptides,Protein
Magnesium,Mineral
Ashwagandha,Herbal
Melatonin,Sleep Aid
Biotin,Vitamin
Green Tea Extract,Fat Burner
Iron Supplement,Mineral
Electrolyte Powder,Hydration
Whey Protein,Protein
Vitamin C,Vitamin
Fish Oil,Omega
Multivitamin,Vitamin
Pre-Workout,Performance
BCAA,Amino Acid
Creatine,Performance
Zinc,Mineral
Collagen Peptides,Protein
Magnesium,Mineral
Ashwagandha,Herbal
Melatonin,Sleep Aid
Biotin,Vitamin
Green Tea Extract,Fat Burner
Iron Supplement,Mineral
Electrolyte Powder,Hydration
Whey Protein,Protein
Vitamin C,Vitamin
Fish Oil,Omega
Multivitamin,Vitamin
Pre-Workout,Performance
BCAA,Amino Acid
Creatine,Performance
Zinc,Mineral
Collagen Peptides,Protein
Magnesium,Mineral
Ashwagandha,Herbal
Melatonin,Sleep Aid
Biotin,Vitamin
Green Tea Extract,Fat Burner
Iron Supplement,Mineral
Electrolyte Powder,Hydration
Whey Protein,Protein
Vitamin C,Vitamin
Fish Oil,Omega
Multivitamin,Vitamin
Pre-Workout,Performance
BCAA,Amino Acid
Creatine,Performance
Zinc,Mineral
Collagen Peptides,Protein
Magnesium,Mineral
Ashwagandha,Herbal
Melatonin,Sleep Aid
Biotin,Vitamin
Green Tea Extract,Fat Burner
Iron Supplement,Mineral
Electrolyte Powder,Hydration
Whey Protein,Protein
Vitamin C,Vitamin
Fish Oil,Omega
Multivitamin,Vitamin
Pre-Workout,Performance
BCAA,Amino Acid
Creatine,Performance
Zinc,Mineral
Collagen Peptides,Protein
Magnesium,Mineral
Ashwagandha,Herbal
Melatonin,Sleep Aid
Biotin,Vitamin
Green Tea Extract,Fat Burner
Iron Supplement,Mineral
Electrolyte Powder,Hydration
Whey Protein,Protein
Vitamin C,Vitamin
Fish Oil,Omega
Multivitamin,Vitamin
Pre-Workout,Performance
BCAA,Amino Acid
Creatine,Performance
Zinc,Mineral
Collagen Peptides,Protein
Magnesium,Mineral
Ashwagandha,Herbal
Melatonin,Sleep Aid
Biotin,Vitamin
Green Tea Extract,Fat Burner
Iron Supplement,Mineral
Electrolyte Powder,Hydration
Whey Protein,Protein
Vitamin C,Vitamin
Fish Oil,Omega
Multivitamin,Vitamin
Pre-Workout,Performance
BCAA,Amino Acid
Creatine,Performance
Zinc,Mineral
Collagen Peptides,Protein
Magnesium,Mineral
Ashwagandha,Herbal
Melatonin,Sleep Aid
Biotin,Vitamin
Green Tea Extract,Fat Burner
Iron Supplement,Mineral
Electrolyte Powder,Hydration
Whey Protein,Protein
Vitamin C,Vitamin
Fish Oil,Omega
Multivitamin,Vitamin
Pre-Workout,Performance
BCAA,Amino Acid
Creatine,Performance
Zinc,Mineral
Collagen Peptides,Protein
Magnesium,Mineral
Ashwagandha,Herbal
Melatonin,Sleep Aid
Biotin,Vitamin
Green Tea Extract,Fat Burner
Iron Supplement,Mineral
Electrolyte Powder,Hydration
Whey Protein,Protein
Vitamin C,Vitamin
Fish Oil,Omega
Multivitamin,Vitamin
Pre-Workout,Performance
BCAA,Amino Acid
Creatine,Performance
Zinc,Mineral
Collagen Peptides,Protein
Magnesium,Mineral
Ashwagandha,Herbal
Melatonin,Sleep Aid
Biotin,Vitamin
Green Tea Extract,Fat Burner
Iron Supplement,Mineral
Electrolyte Powder,Hydration
Whey Protein,Protein
Vitamin C,Vitamin
Fish Oil,Omega
Multivitamin,Vitamin
Pre-Workout,Performance
BCAA,Amino Acid
Creatine,Performance
Zinc,Mineral
Collagen Peptides,Protein
Magnesium,Mineral
Ashwagandha,Herbal
Melatonin,Sleep Aid
Biotin,Vitamin
Green Tea Extract,Fat Burner
Iron Supplement,Mineral
Electrolyte Powder,Hydration
Whey Protein,Protein
Vitamin C,Vitamin
Fish Oil,Omega
Multivitamin,Vitamin
Pre-Workout,Performance
BCAA,Amino Acid
Creatine,Performance
Zinc,Mineral
Collagen Peptides,Protein
Magnesium,Mineral
Ashwagandha,Herbal
Melatonin,Sleep Aid
Biotin,Vitamin
Green Tea Extract,Fat Burner
Iron Supplement,Mineral
Electrolyte Powder,Hydration
Whey Protein,Protein
Vitamin C,Vitamin
Fish Oil,Omega
Multivitamin,Vitamin
Pre-Workout,Performance
BCAA,Amino Acid
Creatine,Performance
Zinc,Mineral
Collagen Peptides,Protein
Magnesium,Mineral
Ashwagandha,Herbal
Melatonin,Sleep Aid
Biotin,Vitamin
Green Tea Extract,Fat Burner
Iron Supplement,Mineral
Electrolyte Powder,Hydration
Whey Protein,Protein
Vitamin C,Vitamin
Fish Oil,Omega
Multivitamin,Vitamin
Pre-Workout,Performance
BCAA,Amino Acid
Creatine,Performance
Zinc,Mineral
Collagen Peptides,Protein
Magnesium,Mineral
Ashwagandha,Herbal
Melatonin,Sleep Aid
Biotin,Vitamin
Green Tea Extract,Fat Burner
Iron Supplement,Mineral
Electrolyte Powder,Hydration
Whey Protein,Protein
Vitamin C,Vitamin
Fish Oil,Omega
Multivitamin,Vitamin
Pre-Workout,Performance
BCAA,Amino Acid
Creatine,Performance
Zinc,Mineral
Collagen Peptides,Protein
Magnesium,Mineral
Ashwagandha,Herbal
Melatonin,Sleep Aid
Biotin,Vitamin
Green Tea Extract,Fat Burner
Iron Supplement,Mineral
Electrolyte Powder,Hydration
Whey Protein,Protein
Vitamin C,Vitamin
Fish Oil,Omega
Multivitamin,Vitamin
Pre-Workout,Performance
BCAA,Amino Acid
Creatine,Performance
Zinc,Mineral
Collagen Peptides,Protein
Magnesium,Mineral
Ashwagandha,Herbal
Melatonin,Sleep Aid
Biotin,Vitamin
Green Tea Extract,Fat Burner
Iron Supplement,Mineral
Electrolyte Powder,Hydration
Whey Protein,Protein
Vitamin C,Vitamin
Fish Oil,Omega
Multivitamin,Vitamin
Pre-Workout,Performance
BCAA,Amino Acid
Creatine,Performance
Zinc,Mineral
Collagen Peptides,Protein
Magnesium,Mineral
Ashwagandha,Herbal
Melatonin,Sleep Aid
Biotin,Vitamin
Green Tea Extract,Fat Burner
Iron Supplement,Mineral
Electrolyte Powder,Hydration
Whey Protein,Protein
Vitamin C,Vitamin
Fish Oil,Omega
Multivitamin,Vitamin
Pre-Workout,Performance
BCAA,Amino Acid
Creatine,Performance
Zinc,Mineral
Collagen Peptides,Protein
Magnesium,Mineral
Ashwagandha,Herbal
Melatonin,Sleep Aid
Biotin,Vitamin
Green Tea Extract,Fat Burner
Iron Supplement,Mineral
Electrolyte Powder,Hydration
Whey Protein,Protein
Vitamin C,Vitamin
Fish Oil,Omega
Multivitamin,Vitamin
Pre-Workout,Performance
BCAA,Amino Acid
Creatine,Performance
Zinc,Mineral
Collagen Peptides,Protein
Magnesium,Mineral
Ashwagandha,Herbal
Melatonin,Sleep Aid
Biotin,Vitamin
Green Tea Extract,Fat Burner
Iron Supplement,Mineral
Electrolyte Powder,Hydration
Whey Protein,Protein
Vitamin C,Vitamin
Fish Oil,Omega
Multivitamin,Vitamin
Pre-Workout,Performance
BCAA,Amino Acid
Creatine,Performance
Zinc,Mineral
Collagen Peptides,Protein
Magnesium,Mineral
Ashwagandha,Herbal
Melatonin,Sleep Aid
Biotin,Vitamin
Green Tea Extract,Fat Burner
Iron Supplement,Mineral
Electrolyte Powder,Hydration
Whey Protein,Protein
Vitamin C,Vitamin
Fish Oil,Omega
Multivitamin,Vitamin
Pre-Workout,Performance
BCAA,Amino Acid
Creatine,Performance
Zinc,Mineral
Collagen Peptides,Protein
Magnesium,Mineral
Ashwagandha,Herbal
Melatonin,Sleep Aid
Biotin,Vitamin
Green Tea Extract,Fat Burner
Iron Supplement,Mineral
Electrolyte Powder,Hydration
Whey Protein,Protein
Vitamin C,Vitamin
Fish Oil,Omega
Multivitamin,Vitamin
Pre-Workout,Performance
BCAA,Amino Acid
Creatine,Performance
Zinc,Mineral
Collagen Peptides,Protein
Magnesium,Mineral
Ashwagandha,Herbal
Melatonin,Sleep Aid
Biotin,Vitamin
Green Tea Extract,Fat Burner
Iron Supplement,Mineral
Electrolyte Powder,Hydration
Whey Protein,Protein
Vitamin C,Vitamin
Fish Oil,Omega
Multivitamin,Vitamin
Pre-Workout,Performance
BCAA,Amino Acid
Creatine,Performance
Zinc,Mineral
Collagen Peptides,Protein
Magnesium,Mineral
Ashwagandha,Herbal
Melatonin,Sleep Aid
Biotin,Vitamin
Green Tea Extract,Fat Burner
Iron Supplement,Mineral
Electrolyte Powder,Hydration
Whey Protein,Protein
Vitamin C,Vitamin
Fish Oil,Omega
Multivitamin,Vitamin
Pre-Workout,Performance
BCAA,Amino Acid
Creatine,Performance
Zinc,Mineral
Collagen Peptides,Protein
Magnesium,Mineral
Ashwagandha,Herbal
Melatonin,Sleep Aid
Biotin,Vitamin
Green Tea Extract,Fat Burner
Iron Supplement,Mineral
Electrolyte Powder,Hydration
Whey Protein,Protein
Vitamin C,Vitamin
Fish Oil,Omega
Multivitamin,Vitamin
Pre-Workout,Performance
BCAA,Amino Acid
Creatine,Performance
Zinc,Mineral
Collagen Peptides,Protein
Magnesium,Mineral
Ashwagandha,Herbal
Melatonin,Sleep Aid
Biotin,Vitamin
Green Tea Extract,Fat Burner
Iron Supplement,Mineral
Electrolyte Powder,Hydration
Whey Protein,Protein
Vitamin C,Vitamin
Fish Oil,Omega
Multivitamin,Vitamin
Pre-Workout,Performance
BCAA,Amino Acid
Creatine,Performance
Zinc,Mineral
Collagen Peptides,Protein
Magnesium,Mineral
Ashwagandha,Herbal
Melatonin,Sleep Aid
Biotin,Vitamin
Green Tea Extract,Fat Burner
Iron Supplement,Mineral
Electrolyte Powder,Hydration
Whey Protein,Protein
Vitamin C,Vitamin
Fish Oil,Omega
Multivitamin,Vitamin
Pre-Workout,Performance
BCAA,Amino Acid
Creatine,Performance
Zinc,Mineral
Collagen Peptides,Protein
Magnesium,Mineral
Ashwagandha,Herbal
Melatonin,Sleep Aid
Biotin,Vitamin
Green Tea Extract,Fat Burner
Iron Supplement,Mineral
Electrolyte Powder,Hydration
Whey Protein,Protein
Vitamin C,Vitamin
Fish Oil,Omega
Multivitamin,Vitamin
Pre-Workout,Performance
BCAA,Amino Acid
Creatine,Performance
Zinc,Mineral
Collagen Peptides,Protein
Magnesium,Mineral
Ashwagandha,Herbal
Melatonin,Sleep Aid
Biotin,Vitamin
Green Tea Extract,Fat Burner
Iron Supplement,Mineral
Electrolyte Powder,Hydration
Whey Protein,Protein
Vitamin C,Vitamin
Fish Oil,Omega
Multivitamin,Vitamin
Pre-Workout,Performance
BCAA,Amino Acid
Creatine,Performance
Zinc,Mineral
Collagen Peptides,Protein
Magnesium,Mineral
Ashwagandha,Herbal
Melatonin,Sleep Aid
Biotin,Vitamin
Green Tea Extract,Fat Burner
Iron Supplement,Mineral
Electrolyte Powder,Hydration
Whey Protein,Protein
Vitamin C,Vitamin
Fish Oil,Omega
Multivitamin,Vitamin
Pre-Workout,Performance
BCAA,Amino Acid
Creatine,Performance
Zinc,Mineral
Collagen Peptides,Protein
Magnesium,Mineral
Ashwagandha,Herbal
Melatonin,Sleep Aid
Biotin,Vitamin
Green Tea Extract,Fat Burner
Iron Supplement,Mineral
Electrolyte Powder,Hydration
Whey Protein,Protein
Vitamin C,Vitamin
Fish Oil,Omega
Multivitamin,Vitamin
Pre-Workout,Performance
BCAA,Amino Acid
Creatine,Performance
Zinc,Mineral
Collagen Peptides,Protein
Magnesium,Mineral
Ashwagandha,Herbal
Melatonin,Sleep Aid
Biotin,Vitamin
Green Tea Extract,Fat Burner
Iron Supplement,Mineral
Electrolyte Powder,Hydration
Whey Protein,Protein
Vitamin C,Vitamin
Fish Oil,Omega
Multivitamin,Vitamin
Pre-Workout,Performance
BCAA,Amino Acid
Creatine,Performance
Zinc,Mineral
Collagen Peptides,Protein
Magnesium,Mineral
Ashwagandha,Herbal
Melatonin,Sleep Aid
Biotin,Vitamin
Green Tea Extract,Fat Burner
Iron Supplement,Mineral
Electrolyte Powder,Hydration
Whey Protein,Protein
Vitamin C,Vitamin
Fish Oil,Omega
Multivitamin,Vitamin
Pre-Workout,Performance
BCAA,Amino Acid
Creatine,Performance
Zinc,Mineral
Collagen Peptides,Protein
Magnesium,Mineral
Ashwagandha,Herbal
Melatonin,Sleep Aid
Biotin,Vitamin
Green Tea Extract,Fat Burner
Iron Supplement,Mineral
Electrolyte Powder,Hydration
Whey Protein,Protein
Vitamin C,Vitamin
Fish Oil,Omega
Multivitamin,Vitamin
Pre-Workout,Performance
BCAA,Amino Acid
Creatine,Performance
Zinc,Mineral
Collagen Peptides,Protein
Magnesium,Mineral
Ashwagandha,Herbal
Melatonin,Sleep Aid
Biotin,Vitamin
Green Tea Extract,Fat Burner
Iron Supplement,Mineral
Electrolyte Powder,Hydration
Whey Protein,Protein
Vitamin C,Vitamin
Fish Oil,Omega
Multivitamin,Vitamin
Pre-Workout,Performance
BCAA,Amino Acid
Creatine,Performance
Zinc,Mineral
Collagen Peptides,Protein
Magnesium,Mineral
Ashwagandha,Herbal
Melatonin,Sleep Aid
Biotin,Vitamin
Green Tea Extract,Fat Burner
Iron Supplement,Mineral
Electrolyte Powder,Hydration
Whey Protein,Protein
Vitamin C,Vitamin
Fish Oil,Omega
Multivitamin,Vitamin
Pre-Workout,Performance
BCAA,Amino Acid
Creatine,Performance
Zinc,Mineral
Collagen Peptides,Protein
Magnesium,Mineral
Ashwagandha,Herbal
Melatonin,Sleep Aid
Biotin,Vitamin
Green Tea Extract,Fat Burner
Iron Supplement,Mineral
Electrolyte Powder,Hydration
Whey Protein,Protein
Vitamin C,Vitamin
Fish Oil,Omega
Multivitamin,Vitamin
Pre-Workout,Performance
BCAA,Amino Acid
Creatine,Performance
Zinc,Mineral
Collagen Peptides,Protein
Magnesium,Mineral
Ashwagandha,Herbal
Melatonin,Sleep Aid
Biotin,Vitamin
Green Tea Extract,Fat Burner
Iron Supplement,Mineral
Electrolyte Powder,Hydration
Whey Protein,Protein
Vitamin C,Vitamin
Fish Oil,Omega
Multivitamin,Vitamin
Pre-Workout,Performance
BCAA,Amino Acid
Creatine,Performance
Zinc,Mineral
Collagen Peptides,Protein
Magnesium,Mineral
Ashwagandha,Herbal
Melatonin,Sleep Aid
Biotin,Vitamin
Green Tea Extract,Fat Burner
Iron Supplement,Mineral
Electrolyte Powder,Hydration
Whey Protein,Protein
Vitamin C,Vitamin
Fish Oil,Omega
Multivitamin,Vitamin
Pre-Workout,Performance
BCAA,Amino Acid
Creatine,Performance
Zinc,Mineral
Collagen Peptides,Protein
Magnesium,Mineral
Ashwagandha,Herbal
Melatonin,Sleep Aid
Biotin,Vitamin
Green Tea Extract,Fat Burner
Iron Supplement,Mineral
Electrolyte Powder,Hydration
Whey Protein,Protein
Vitamin C,Vitamin
Fish Oil,Omega
Multivitamin,Vitamin
Pre-Workout,Performance
BCAA,Amino Acid
Creatine,Performance
Zinc,Mineral
Collagen Peptides,Protein
Magnesium,Mineral
Ashwagandha,Herbal
Melatonin,Sleep Aid
Biotin,Vitamin
Green Tea Extract,Fat Burner
Iron Supplement,Mineral
Electrolyte Powder,Hydration
Whey Protein,Protein
Vitamin C,Vitamin
Fish Oil,Omega
Multivitamin,Vitamin
Pre-Workout,Performance
BCAA,Amino Acid
Creatine,Performance
Zinc,Mineral
Collagen Peptides,Protein
Magnesium,Mineral
Ashwagandha,Herbal
Melatonin,Sleep Aid
Biotin,Vitamin
Green Tea Extract,Fat Burner
Iron Supplement,Mineral
Electrolyte Powder,Hydration
Whey Protein,Protein
Vitamin C,Vitamin
Fish Oil,Omega
Multivitamin,Vitamin
Pre-Workout,Performance
BCAA,Amino Acid
Creatine,Performance
Zinc,Mineral
Collagen Peptides,Protein
Magnesium,Mineral
Ashwagandha,Herbal
Melatonin,Sleep Aid
Biotin,Vitamin
Green Tea Extract,Fat Burner
Iron Supplement,Mineral
Electrolyte Powder,Hydration
Whey Protein,Protein
Vitamin C,Vitamin
Fish Oil,Omega
Multivitamin,Vitamin
Pre-Workout,Performance
BCAA,Amino Acid
Creatine,Performance
Zinc,Mineral
Collagen Peptides,Protein
Magnesium,Mineral
Ashwagandha,Herbal
Melatonin,Sleep Aid
Biotin,Vitamin
Green Tea Extract,Fat Burner
Iron Supplement,Mineral
Electrolyte Powder,Hydration
Whey Protein,Protein
Vitamin C,Vitamin
Fish Oil,Omega
Multivitamin,Vitamin
Pre-Workout,Performance
BCAA,Amino Acid
Creatine,Performance
Zinc,Mineral
Collagen Peptides,Protein
Magnesium,Mineral
Ashwagandha,Herbal
Melatonin,Sleep Aid
Biotin,Vitamin
Green Tea Extract,Fat Burner
Iron Supplement,Mineral
Electrolyte Powder,Hydration
Whey Protein,Protein
Vitamin C,Vitamin
Fish Oil,Omega
Multivitamin,Vitamin
Pre-Workout,Performance
BCAA,Amino Acid
Creatine,Performance
Zinc,Mineral
Collagen Peptides,Protein
Magnesium,Mineral
Ashwagandha,Herbal
Melatonin,Sleep Aid
Biotin,Vitamin
Green Tea Extract,Fat Burner
Iron Supplement,Mineral
Electrolyte Powder,Hydration
Whey Protein,Protein
Vitamin C,Vitamin
Fish Oil,Omega
Multivitamin,Vitamin
Pre-Workout,Performance
BCAA,Amino Acid
Creatine,Performance
Zinc,Mineral
Collagen Peptides,Protein
Magnesium,Mineral
Ashwagandha,Herbal
Melatonin,Sleep Aid
Biotin,Vitamin
Green Tea Extract,Fat Burner
Iron Supplement,Mineral
Electrolyte Powder,Hydration
Whey Protein,Protein
Vitamin C,Vitamin
Fish Oil,Omega
Multivitamin,Vitamin
Pre-Workout,Performance
BCAA,Amino Acid
Creatine,Performance
Zinc,Mineral
Collagen Peptides,Protein
Magnesium,Mineral
Ashwagandha,Herbal
Melatonin,Sleep Aid
Biotin,Vitamin
Green Tea Extract,Fat Burner
Iron Supplement,Mineral
Electrolyte Powder,Hydration
Whey Protein,Protein
Vitamin C,Vitamin
Fish Oil,Omega
Multivitamin,Vitamin
Pre-Workout,Performance
BCAA,Amino Acid
Creatine,Performance
Zinc,Mineral
Collagen Peptides,Protein
Magnesium,Mineral
Ashwagandha,Herbal
Melatonin,Sleep Aid
Biotin,Vitamin
Green Tea Extract,Fat Burner
Iron Supplement,Mineral
Electrolyte Powder,Hydration
Whey Protein,Protein
Vitamin C,Vitamin
Fish Oil,Omega
Multivitamin,Vitamin
Pre-Workout,Performance
BCAA,Amino Acid
Creatine,Performance
Zinc,Mineral
Collagen Peptides,Protein
Magnesium,Mineral
Ashwagandha,Herbal
Melatonin,Sleep Aid
Biotin,Vitamin
Green Tea Extract,Fat Burner
Iron Supplement,Mineral
Electrolyte Powder,Hydration
Whey Protein,Protein
Vitamin C,Vitamin
Fish Oil,Omega
Multivitamin,Vitamin
Pre-Workout,Performance
BCAA,Amino Acid
Creatine,Performance
Zinc,Mineral
Collagen Peptides,Protein
Magnesium,Mineral
Ashwagandha,Herbal
Melatonin,Sleep Aid
Biotin,Vitamin
Green Tea Extract,Fat Burner
Iron Supplement,Mineral
Electrolyte Powder,Hydration
Whey Protein,Protein
Vitamin C,Vitamin
Fish Oil,Omega
Multivitamin,Vitamin
Pre-Workout,Performance
BCAA,Amino Acid
Creatine,Performance
Zinc,Mineral
Collagen Peptides,Protein
Magnesium,Mineral
Ashwagandha,Herbal
Melatonin,Sleep Aid
Biotin,Vitamin
Green Tea Extract,Fat Burner
Iron Supplement,Mineral
Electrolyte Powder,Hydration
Whey Protein,Protein
Vitamin C,Vitamin
Fish Oil,Omega
Multivitamin,Vitamin
Pre-Workout,Performance
BCAA,Amino Acid
Creatine,Performance
Zinc,Mineral
Collagen Peptides,Protein
Magnesium,Mineral
Ashwagandha,Herbal
Melatonin,Sleep Aid
Biotin,Vitamin
Green Tea Extract,Fat Burner
Iron Supplement,Mineral
Electrolyte Powder,Hydration
Whey Protein,Protein
Vitamin C,Vitamin
Fish Oil,Omega
Multivitamin,Vitamin
Pre-Workout,Performance
BCAA,Amino Acid
Creatine,Performance
Zinc,Mineral
Collagen Peptides,Protein
Magnesium,Mineral
Ashwagandha,Herbal
Melatonin,Sleep Aid
Biotin,Vitamin
Green Tea Extract,Fat Burner
Iron Supplement,Mineral
Electrolyte Powder,Hydration
Whey Protein,Protein
Vitamin C,Vitamin
Fish Oil,Omega
Multivitamin,Vitamin
Pre-Workout,Performance
BCAA,Amino Acid
Creatine,Performance
Zinc,Mineral
Collagen Peptides,Protein
Magnesium,Mineral
Ashwagandha,Herbal
Melatonin,Sleep Aid
Biotin,Vitamin
Green Tea Extract,Fat Burner
Iron Supplement,Mineral
Electrolyte Powder,Hydration
Whey Protein,Protein
Vitamin C,Vitamin
Fish Oil,Omega
Multivitamin,Vitamin
Pre-Workout,Performance
BCAA,Amino Acid
Creatine,Performance
Zinc,Mineral
Collagen Peptides,Protein
Magnesium,Mineral
Ashwagandha,Herbal
Melatonin,Sleep Aid
Biotin,Vitamin
Green Tea Extract,Fat Burner
Iron Supplement,Mineral
Electrolyte Powder,Hydration
Whey Protein,Protein
Vitamin C,Vitamin
Fish Oil,Omega
Multivitamin,Vitamin
Pre-Workout,Performance
BCAA,Amino Acid
Creatine,Performance
Zinc,Mineral
Collagen Peptides,Protein
Magnesium,Mineral
Ashwagandha,Herbal
Melatonin,Sleep Aid
Biotin,Vitamin
Green Tea Extract,Fat Burner
Iron Supplement,Mineral
Electrolyte Powder,Hydration
Whey Protein,Protein
Vitamin C,Vitamin
Fish Oil,Omega
Multivitamin,Vitamin
Pre-Workout,Performance
BCAA,Amino Acid
Creatine,Performance
Zinc,Mineral
Collagen Peptides,Protein
Magnesium,Mineral
Ashwagandha,Herbal
Melatonin,Sleep Aid
Biotin,Vitamin
Green Tea Extract,Fat Burner
Iron Supplement,Mineral
Electrolyte Powder,Hydration
Whey Protein,Protein
Vitamin C,Vitamin
Fish Oil,Omega
Multivitamin,Vitamin
Pre-Workout,Performance
BCAA,Amino Acid
Creatine,Performance
Zinc,Mineral
Collagen Peptides,Protein
Magnesium,Mineral
Ashwagandha,Herbal
Melatonin,Sleep Aid
Biotin,Vitamin
Green Tea Extract,Fat Burner
Iron Supplement,Mineral
Electrolyte Powder,Hydration
Whey Protein,Protein
Vitamin C,Vitamin
Fish Oil,Omega
Multivitamin,Vitamin
Pre-Workout,Performance
BCAA,Amino Acid
Creatine,Performance
Zinc,Mineral
Collagen Peptides,Protein
Magnesium,Mineral
Ashwagandha,Herbal
Melatonin,Sleep Aid
Biotin,Vitamin
Green Tea Extract,Fat Burner
Iron Supplement,Mineral
Electrolyte Powder,Hydration
Whey Protein,Protein
Vitamin C,Vitamin
Fish Oil,Omega
Multivitamin,Vitamin
Pre-Workout,Performance
BCAA,Amino Acid
Creatine,Performance
Zinc,Mineral
Collagen Peptides,Protein
Magnesium,Mineral
Ashwagandha,Herbal
Melatonin,Sleep Aid
Biotin,Vitamin
Green Tea Extract,Fat Burner
Iron Supplement,Mineral
Electrolyte Powder,Hydration
Whey Protein,Protein
Vitamin C,Vitamin
Fish Oil,Omega
Multivitamin,Vitamin
Pre-Workout,Performance
BCAA,Amino Acid
Creatine,Performance
Zinc,Mineral
Collagen Peptides,Protein
Magnesium,Mineral
Ashwagandha,Herbal
Melatonin,Sleep Aid
Biotin,Vitamin
Green Tea Extract,Fat Burner
Iron Supplement,Mineral
Electrolyte Powder,Hydration
Whey Protein,Protein
Vitamin C,Vitamin
Fish Oil,Omega
Multivitamin,Vitamin
Pre-Workout,Performance
BCAA,Amino Acid
Creatine,Performance
Zinc,Mineral
Collagen Peptides,Protein
Magnesium,Mineral
Ashwagandha,Herbal
Melatonin,Sleep Aid
Biotin,Vitamin
Green Tea Extract,Fat Burner
Iron Supplement,Mineral
Electrolyte Powder,Hydration
Whey Protein,Protein
Vitamin C,Vitamin
Fish Oil,Omega
Multivitamin,Vitamin
Pre-Workout,Performance
BCAA,Amino Acid
Creatine,Performance
Zinc,Mineral
Collagen Peptides,Protein
Magnesium,Mineral
Ashwagandha,Herbal
Melatonin,Sleep Aid
Biotin,Vitamin
Green Tea Extract,Fat Burner
Iron Supplement,Mineral
Electrolyte Powder,Hydration
Whey Protein,Protein
Vitamin C,Vitamin
Fish Oil,Omega
Multivitamin,Vitamin
Pre-Workout,Performance
BCAA,Amino Acid
Creatine,Performance
Zinc,Mineral
Collagen Peptides,Protein
Magnesium,Mineral
Ashwagandha,Herbal
Melatonin,Sleep Aid
Biotin,Vitamin
Green Tea Extract,Fat Burner
Iron Supplement,Mineral
Electrolyte Powder,Hydration
Whey Protein,Protein
Vitamin C,Vitamin
Fish Oil,Omega
Multivitamin,Vitamin
Pre-Workout,Performance
BCAA,Amino Acid
Creatine,Performance
Zinc,Mineral
Collagen Peptides,Protein
Magnesium,Mineral
Ashwagandha,Herbal
Melatonin,Sleep Aid
Biotin,Vitamin
Green Tea Extract,Fat Burner
Iron Supplement,Mineral
Electrolyte Powder,Hydration
Whey Protein,Protein
Vitamin C,Vitamin
Fish Oil,Omega
Multivitamin,Vitamin
Pre-Workout,Performance
BCAA,Amino Acid
Creatine,Performance
Zinc,Mineral
Collagen Peptides,Protein
Magnesium,Mineral
Ashwagandha,Herbal
Melatonin,Sleep Aid
Biotin,Vitamin
Green Tea Extract,Fat Burner
Iron Supplement,Mineral
Electrolyte Powder,Hydration
Whey Protein,Protein
Vitamin C,Vitamin
Fish Oil,Omega
Multivitamin,Vitamin
Pre-Workout,Performance
BCAA,Amino Acid
Creatine,Performance
Zinc,Mineral
Collagen Peptides,Protein
Magnesium,Mineral
Ashwagandha,Herbal
Melatonin,Sleep Aid
Biotin,Vitamin
Green Tea Extract,Fat Burner
Iron Supplement,Mineral
Electrolyte Powder,Hydration
Whey Protein,Protein
Vitamin C,Vitamin
Fish Oil,Omega
Multivitamin,Vitamin
Pre-Workout,Performance
BCAA,Amino Acid
Creatine,Performance
Zinc,Mineral
Collagen Peptides,Protein
Magnesium,Mineral
Ashwagandha,Herbal
Melatonin,Sleep Aid
Biotin,Vitamin
Green Tea Extract,Fat Burner
Iron Supplement,Mineral
Electrolyte Powder,Hydration
Whey Protein,Protein
Vitamin C,Vitamin
Fish Oil,Omega
Multivitamin,Vitamin
Pre-Workout,Performance
BCAA,Amino Acid
Creatine,Performance
Zinc,Mineral
Collagen Peptides,Protein
Magnesium,Mineral
Ashwagandha,Herbal
Melatonin,Sleep Aid
Biotin,Vitamin
Green Tea Extract,Fat Burner
Iron Supplement,Mineral
Electrolyte Powder,Hydration
Whey Protein,Protein
Vitamin C,Vitamin
Fish Oil,Omega
Multivitamin,Vitamin
Pre-Workout,Performance
BCAA,Amino Acid
Creatine,Performance
Zinc,Mineral
Collagen Peptides,Protein
Magnesium,Mineral
Ashwagandha,Herbal
Melatonin,Sleep Aid
Biotin,Vitamin
Green Tea Extract,Fat Burner
Iron Supplement,Mineral
Electrolyte Powder,Hydration
Whey Protein,Protein
Vitamin C,Vitamin
Fish Oil,Omega
Multivitamin,Vitamin
Pre-Workout,Performance
BCAA,Amino Acid
Creatine,Performance
Zinc,Mineral
Collagen Peptides,Protein
Magnesium,Mineral
Ashwagandha,Herbal
Melatonin,Sleep Aid
Biotin,Vitamin
Green Tea Extract,Fat Burner
Iron Supplement,Mineral
Electrolyte Powder,Hydration
Whey Protein,Protein
Vitamin C,Vitamin
Fish Oil,Omega
Multivitamin,Vitamin
Pre-Workout,Performance
BCAA,Amino Acid
Creatine,Performance
Zinc,Mineral
Collagen Peptides,Protein
Magnesium,Mineral
Ashwagandha,Herbal
Melatonin,Sleep Aid
Biotin,Vitamin
Green Tea Extract,Fat Burner
Iron Supplement,Mineral
Electrolyte Powder,Hydration
Whey Protein,Protein
Vitamin C,Vitamin
Fish Oil,Omega
Multivitamin,Vitamin
Pre-Workout,Performance
BCAA,Amino Acid
Creatine,Performance
Zinc,Mineral
Collagen Peptides,Protein
Magnesium,Mineral
Ashwagandha,Herbal
Melatonin,Sleep Aid
Biotin,Vitamin
Green Tea Extract,Fat Burner
Iron Supplement,Mineral
Electrolyte Powder,Hydration
Whey Protein,Protein
Vitamin C,Vitamin
Fish Oil,Omega
Multivitamin,Vitamin
Pre-Workout,Performance
BCAA,Amino Acid
Creatine,Performance
Zinc,Mineral
Collagen Peptides,Protein
Magnesium,Mineral
Ashwagandha,Herbal
Melatonin,Sleep Aid
Biotin,Vitamin
Green Tea Extract,Fat Burner
Iron Supplement,Mineral
Electrolyte Powder,Hydration
Whey Protein,Protein
Vitamin C,Vitamin
Fish Oil,Omega
Multivitamin,Vitamin
Pre-Workout,Performance
BCAA,Amino Acid
Creatine,Performance
Zinc,Mineral
Collagen Peptides,Protein
Magnesium,Mineral
Ashwagandha,Herbal
Melatonin,Sleep Aid
Biotin,Vitamin
Green Tea Extract,Fat Burner
Iron Supplement,Mineral
Electrolyte Powder,Hydration
Whey Protein,Protein
Vitamin C,Vitamin
Fish Oil,Omega
Multivitamin,Vitamin
Pre-Workout,Performance
BCAA,Amino Acid
Creatine,Performance
Zinc,Mineral
Collagen Peptides,Protein
Magnesium,Mineral
Ashwagandha,Herbal
Melatonin,Sleep Aid
Biotin,Vitamin
Green Tea Extract,Fat Burner
Iron Supplement,Mineral
Electrolyte Powder,Hydration
Whey Protein,Protein
Vitamin C,Vitamin
Fish Oil,Omega
Multivitamin,Vitamin
Pre-Workout,Performance
BCAA,Amino Acid
Creatine,Performance
Zinc,Mineral
Collagen Peptides,Protein
Magnesium,Mineral
Ashwagandha,Herbal
Melatonin,Sleep Aid
Biotin,Vitamin
Green Tea Extract,Fat Burner
Iron Supplement,Mineral
Electrolyte Powder,Hydration
Whey Protein,Protein
Vitamin C,Vitamin
Fish Oil,Omega
Multivitamin,Vitamin
Pre-Workout,Performance
BCAA,Amino Acid
Creatine,Performance
Zinc,Mineral
Collagen Peptides,Protein
Magnesium,Mineral
Ashwagandha,Herbal
Melatonin,Sleep Aid
Biotin,Vitamin
Green Tea Extract,Fat Burner
Iron Supplement,Mineral
Electrolyte Powder,Hydration
Whey Protein,Protein
Vitamin C,Vitamin
Fish Oil,Omega
Multivitamin,Vitamin
Pre-Workout,Performance
BCAA,Amino Acid
Creatine,Performance
Zinc,Mineral
Collagen Peptides,Protein
Magnesium,Mineral
Ashwagandha,Herbal
Melatonin,Sleep Aid
Biotin,Vitamin
Green Tea Extract,Fat Burner
Iron Supplement,Mineral
Electrolyte Powder,Hydration
Whey Protein,Protein
Vitamin C,Vitamin
Fish Oil,Omega
Multivitamin,Vitamin
Pre-Workout,Performance
BCAA,Amino Acid
Creatine,Performance
Zinc,Mineral
Collagen Peptides,Protein
Magnesium,Mineral
Ashwagandha,Herbal
Melatonin,Sleep Aid
Biotin,Vitamin
Green Tea Extract,Fat Burner
Iron Supplement,Mineral
Electrolyte Powder,Hydration
Whey Protein,Protein
Vitamin C,Vitamin
Fish Oil,Omega
Multivitamin,Vitamin
Pre-Workout,Performance
BCAA,Amino Acid
Creatine,Performance
Zinc,Mineral
Collagen Peptides,Protein
Magnesium,Mineral
Ashwagandha,Herbal
Melatonin,Sleep Aid
Biotin,Vitamin
Green Tea Extract,Fat Burner
Iron Supplement,Mineral
Electrolyte Powder,Hydration
Whey Protein,Protein
Vitamin C,Vitamin
Fish Oil,Omega
Multivitamin,Vitamin
Pre-Workout,Performance
BCAA,Amino Acid
Creatine,Performance
Zinc,Mineral
Collagen Peptides,Protein
Magnesium,Mineral
Ashwagandha,Herbal
Melatonin,Sleep Aid
Biotin,Vitamin
Green Tea Extract,Fat Burner
Iron Supplement,Mineral
Electrolyte Powder,Hydration
Whey Protein,Protein
Vitamin C,Vitamin
Fish Oil,Omega
Multivitamin,Vitamin
Pre-Workout,Performance
BCAA,Amino Acid
Creatine,Performance
Zinc,Mineral
Collagen Peptides,Protein
Magnesium,Mineral
Ashwagandha,Herbal
Melatonin,Sleep Aid
Biotin,Vitamin
Green Tea Extract,Fat Burner
Iron Supplement,Mineral
Electrolyte Powder,Hydration
Whey Protein,Protein
Vitamin C,Vitamin
Fish Oil,Omega
Multivitamin,Vitamin
Pre-Workout,Performance
BCAA,Amino Acid
Creatine,Performance
Zinc,Mineral
Collagen Peptides,Protein
Magnesium,Mineral
Ashwagandha,Herbal
Melatonin,Sleep Aid
Biotin,Vitamin
Green Tea Extract,Fat Burner
Iron Supplement,Mineral
Electrolyte Powder,Hydration
Whey Protein,Protein
Vitamin C,Vitamin
Fish Oil,Omega
Multivitamin,Vitamin
Pre-Workout,Performance
BCAA,Amino Acid
Creatine,Performance
Zinc,Mineral
Collagen Peptides,Protein
Magnesium,Mineral
Ashwagandha,Herbal
Melatonin,Sleep Aid
Biotin,Vitamin
Green Tea Extract,Fat Burner
Iron Supplement,Mineral
Electrolyte Powder,Hydration
Whey Protein,Protein
Vitamin C,Vitamin
Fish Oil,Omega
Multivitamin,Vitamin
Pre-Workout,Performance
BCAA,Amino Acid
Creatine,Performance
Zinc,Mineral
Collagen Peptides,Protein
Magnesium,Mineral
Ashwagandha,Herbal
Melatonin,Sleep Aid
Biotin,Vitamin
Green Tea Extract,Fat Burner
Iron Supplement,Mineral
Electrolyte Powder,Hydration
Whey Protein,Protein
Vitamin C,Vitamin
Fish Oil,Omega
Multivitamin,Vitamin
Pre-Workout,Performance
BCAA,Amino Acid
Creatine,Performance
Zinc,Mineral
Collagen Peptides,Protein
Magnesium,Mineral
Ashwagandha,Herbal
Melatonin,Sleep Aid
Biotin,Vitamin
Green Tea Extract,Fat Burner
Iron Supplement,Mineral
Electrolyte Powder,Hydration
Whey Protein,Protein
Vitamin C,Vitamin
Fish Oil,Omega
Multivitamin,Vitamin
Pre-Workout,Performance
BCAA,Amino Acid
Creatine,Performance
Zinc,Mineral
Collagen Peptides,Protein
Magnesium,Mineral
Ashwagandha,Herbal
Melatonin,Sleep Aid
Biotin,Vitamin
Green Tea Extract,Fat Burner
Iron Supplement,Mineral
Electrolyte Powder,Hydration
Whey Protein,Protein
Vitamin C,Vitamin
Fish Oil,Omega
Multivitamin,Vitamin
Pre-Workout,Performance
BCAA,Amino Acid
Creatine,Performance
Zinc,Mineral
Collagen Peptides,Protein
Magnesium,Mineral
Ashwagandha,Herbal
Melatonin,Sleep Aid
Biotin,Vitamin
Green Tea Extract,Fat Burner
Iron Supplement,Mineral
Electrolyte Powder,Hydration
Whey Protein,Protein
Vitamin C,Vitamin
Fish Oil,Omega
Multivitamin,Vitamin
Pre-Workout,Performance
BCAA,Amino Acid
Creatine,Performance
Zinc,Mineral
Collagen Peptides,Protein
Magnesium,Mineral
Ashwagandha,Herbal
Melatonin,Sleep Aid
Biotin,Vitamin
Green Tea Extract,Fat Burner
Iron Supplement,Mineral
Electrolyte Powder,Hydration
Whey Protein,Protein
Vitamin C,Vitamin
Fish Oil,Omega
Multivitamin,Vitamin
Pre-Workout,Performance
BCAA,Amino Acid
Creatine,Performance
Zinc,Mineral
Collagen Peptides,Protein
Magnesium,Mineral
Ashwagandha,Herbal
Melatonin,Sleep Aid
Biotin,Vitamin
Green Tea Extract,Fat Burner
Iron Supplement,Mineral
Electrolyte Powder,Hydration
Whey Protein,Protein
Vitamin C,Vitamin
Fish Oil,Omega
Multivitamin,Vitamin
Pre-Workout,Performance
BCAA,Amino Acid
Creatine,Performance
Zinc,Mineral
Collagen Peptides,Protein
Magnesium,Mineral
Ashwagandha,Herbal
Melatonin,Sleep Aid
Biotin,Vitamin
Green Tea Extract,Fat Burner
Iron Supplement,Mineral
Electrolyte Powder,Hydration
Whey Protein,Protein
Vitamin C,Vitamin
Fish Oil,Omega
Multivitamin,Vitamin
Pre-Workout,Performance
BCAA,Amino Acid
Creatine,Performance
Zinc,Mineral
Collagen Peptides,Protein
Magnesium,Mineral
Ashwagandha,Herbal
Melatonin,Sleep Aid
Biotin,Vitamin
Green Tea Extract,Fat Burner
Iron Supplement,Mineral
Electrolyte Powder,Hydration
Whey Protein,Protein
Vitamin C,Vitamin
Fish Oil,Omega
Multivitamin,Vitamin
Pre-Workout,Performance
BCAA,Amino Acid
Creatine,Performance
Zinc,Mineral
Collagen Peptides,Protein
Magnesium,Mineral
Ashwagandha,Herbal
Melatonin,Sleep Aid
Biotin,Vitamin
Green Tea Extract,Fat Burner
Iron Supplement,Mineral
Electrolyte Powder,Hydration
Whey Protein,Protein
Vitamin C,Vitamin
Fish Oil,Omega
Multivitamin,Vitamin
Pre-Workout,Performance
BCAA,Amino Acid
Creatine,Performance
Zinc,Mineral
Collagen Peptides,Protein
Magnesium,Mineral
Ashwagandha,Herbal
Melatonin,Sleep Aid
Biotin,Vitamin
Green Tea Extract,Fat Burner
Iron Supplement,Mineral
Electrolyte Powder,Hydration
Whey Protein,Protein
Vitamin C,Vitamin
Fish Oil,Omega
Multivitamin,Vitamin
Pre-Workout,Performance
BCAA,Amino Acid
Creatine,Performance
Zinc,Mineral
Collagen Peptides,Protein
Magnesium,Mineral
Ashwagandha,Herbal
Melatonin,Sleep Aid
Biotin,Vitamin
Green Tea Extract,Fat Burner
Iron Supplement,Mineral
Electrolyte Powder,Hydration
Whey Protein,Protein
Vitamin C,Vitamin
Fish Oil,Omega
Multivitamin,Vitamin
Pre-Workout,Performance
BCAA,Amino Acid
Creatine,Performance
Zinc,Mineral
Collagen Peptides,Protein
Magnesium,Mineral
Ashwagandha,Herbal
Melatonin,Sleep Aid
Biotin,Vitamin
Green Tea Extract,Fat Burner
Iron Supplement,Mineral
Electrolyte Powder,Hydration
Whey Protein,Protein
Vitamin C,Vitamin
Fish Oil,Omega
Multivitamin,Vitamin
Pre-Workout,Performance
BCAA,Amino Acid
Creatine,Performance
Zinc,Mineral
Collagen Peptides,Protein
Magnesium,Mineral
Ashwagandha,Herbal
Melatonin,Sleep Aid
Biotin,Vitamin
Green Tea Extract,Fat Burner
Iron Supplement,Mineral
Electrolyte Powder,Hydration
Whey Protein,Protein
Vitamin C,Vitamin
Fish Oil,Omega
Multivitamin,Vitamin
Pre-Workout,Performance
BCAA,Amino Acid
Creatine,Performance
Zinc,Mineral
Collagen Peptides,Protein
Magnesium,Mineral
Ashwagandha,Herbal
Melatonin,Sleep Aid
Biotin,Vitamin
Green Tea Extract,Fat Burner
Iron Supplement,Mineral
Electrolyte Powder,Hydration
Whey Protein,Protein
Vitamin C,Vitamin
Fish Oil,Omega
Multivitamin,Vitamin
Pre-Workout,Performance
BCAA,Amino Acid
Creatine,Performance
Zinc,Mineral
Collagen Peptides,Protein
Magnesium,Mineral
Ashwagandha,Herbal
Melatonin,Sleep Aid
Biotin,Vitamin
Green Tea Extract,Fat Burner
Iron Supplement,Mineral
Electrolyte Powder,Hydration
Whey Protein,Protein
Vitamin C,Vitamin
Fish Oil,Omega
Multivitamin,Vitamin
Pre-Workout,Performance
BCAA,Amino Acid
Creatine,Performance
Zinc,Mineral
Collagen Peptides,Protein
Magnesium,Mineral
Ashwagandha,Herbal
Melatonin,Sleep Aid
Biotin,Vitamin
Green Tea Extract,Fat Burner
Iron Supplement,Mineral
Electrolyte Powder,Hydration
Whey Protein,Protein
Vitamin C,Vitamin
Fish Oil,Omega
Multivitamin,Vitamin
Pre-Workout,Performance
BCAA,Amino Acid
Creatine,Performance
Zinc,Mineral
Collagen Peptides,Protein
Magnesium,Mineral
Ashwagandha,Herbal
Melatonin,Sleep Aid
Biotin,Vitamin
Green Tea Extract,Fat Burner
Iron Supplement,Mineral
Electrolyte Powder,Hydration
Whey Protein,Protein
Vitamin C,Vitamin
Fish Oil,Omega
Multivitamin,Vitamin
Pre-Workout,Performance
BCAA,Amino Acid
Creatine,Performance
Zinc,Mineral
Collagen Peptides,Protein
Magnesium,Mineral
Ashwagandha,Herbal
Melatonin,Sleep Aid
Biotin,Vitamin
Green Tea Extract,Fat Burner
Iron Supplement,Mineral
Electrolyte Powder,Hydration
Whey Protein,Protein
Vitamin C,Vitamin
Fish Oil,Omega
Multivitamin,Vitamin
Pre-Workout,Performance
BCAA,Amino Acid
Creatine,Performance
Zinc,Mineral
Collagen Peptides,Protein
Magnesium,Mineral
Ashwagandha,Herbal
Melatonin,Sleep Aid
Biotin,Vitamin
Green Tea Extract,Fat Burner
Iron Supplement,Mineral
Electrolyte Powder,Hydration
Whey Protein,Protein
Vitamin C,Vitamin
Fish Oil,Omega
Multivitamin,Vitamin
Pre-Workout,Performance
BCAA,Amino Acid
Creatine,Performance
Zinc,Mineral
Collagen Peptides,Protein
Magnesium,Mineral
Ashwagandha,Herbal
Melatonin,Sleep Aid
Biotin,Vitamin
Green Tea Extract,Fat Burner
Iron Supplement,Mineral
Electrolyte Powder,Hydration
Whey Protein,Protein
Vitamin C,Vitamin
Fish Oil,Omega
Multivitamin,Vitamin
Pre-Workout,Performance
BCAA,Amino Acid
Creatine,Performance
Zinc,Mineral
Collagen Peptides,Protein
Magnesium,Mineral
Ashwagandha,Herbal
Melatonin,Sleep Aid
Biotin,Vitamin
Green Tea Extract,Fat Burner
Iron Supplement,Mineral
Electrolyte Powder,Hydration
Whey Protein,Protein
Vitamin C,Vitamin
Fish Oil,Omega
Multivitamin,Vitamin
Pre-Workout,Performance
BCAA,Amino Acid
Creatine,Performance
Zinc,Mineral
Collagen Peptides,Protein
Magnesium,Mineral
Ashwagandha,Herbal
Melatonin,Sleep Aid
Biotin,Vitamin
Green Tea Extract,Fat Burner
Iron Supplement,Mineral
Electrolyte Powder,Hydration
Whey Protein,Protein
Vitamin C,Vitamin
Fish Oil,Omega
Multivitamin,Vitamin
Pre-Workout,Performance
BCAA,Amino Acid
Creatine,Performance
Zinc,Mineral
Collagen Peptides,Protein
Magnesium,Mineral
Ashwagandha,Herbal
Melatonin,Sleep Aid
Biotin,Vitamin
Green Tea Extract,Fat Burner
Iron Supplement,Mineral
Electrolyte Powder,Hydration
Whey Protein,Protein
Vitamin C,Vitamin
Fish Oil,Omega
Multivitamin,Vitamin
Pre-Workout,Performance
BCAA,Amino Acid
Creatine,Performance
Zinc,Mineral
Collagen Peptides,Protein
Magnesium,Mineral
Ashwagandha,Herbal
Melatonin,Sleep Aid
Biotin,Vitamin
Green Tea Extract,Fat Burner
Iron Supplement,Mineral
Electrolyte Powder,Hydration
Whey Protein,Protein
Vitamin C,Vitamin
Fish Oil,Omega
Multivitamin,Vitamin
Pre-Workout,Performance
BCAA,Amino Acid
Creatine,Performance
Zinc,Mineral
Collagen Peptides,Protein
Magnesium,Mineral
Ashwagandha,Herbal
Melatonin,Sleep Aid
Biotin,Vitamin
Green Tea Extract,Fat Burner
Iron Supplement,Mineral
Electrolyte Powder,Hydration
Whey Protein,Protein
Vitamin C,Vitamin
Fish Oil,Omega
Multivitamin,Vitamin
Pre-Workout,Performance
BCAA,Amino Acid
Creatine,Performance
Zinc,Mineral
Collagen Peptides,Protein
Magnesium,Mineral
Ashwagandha,Herbal
Melatonin,Sleep Aid
Biotin,Vitamin
Green Tea Extract,Fat Burner
Iron Supplement,Mineral
Electrolyte Powder,Hydration
Whey Protein,Protein
Vitamin C,Vitamin
Fish Oil,Omega
Multivitamin,Vitamin
Pre-Workout,Performance
BCAA,Amino Acid
Creatine,Performance
Zinc,Mineral
Collagen Peptides,Protein
Magnesium,Mineral
Ashwagandha,Herbal
Melatonin,Sleep Aid
Biotin,Vitamin
Green Tea Extract,Fat Burner
Iron Supplement,Mineral
Electrolyte Powder,Hydration
Whey Protein,Protein
Vitamin C,Vitamin
Fish Oil,Omega
Multivitamin,Vitamin
Pre-Workout,Performance
BCAA,Amino Acid
Creatine,Performance
Zinc,Mineral
Collagen Peptides,Protein
Magnesium,Mineral
Ashwagandha,Herbal
Melatonin,Sleep Aid
Biotin,Vitamin
Green Tea Extract,Fat Burner
Iron Supplement,Mineral
Electrolyte Powder,Hydration
Whey Protein,Protein
Vitamin C,Vitamin
Fish Oil,Omega
Multivitamin,Vitamin
Pre-Workout,Performance
BCAA,Amino Acid
Creatine,Performance
Zinc,Mineral
Collagen Peptides,Protein
Magnesium,Mineral
Ashwagandha,Herbal
Melatonin,Sleep Aid
Biotin,Vitamin
Green Tea Extract,Fat Burner
Iron Supplement,Mineral
Electrolyte Powder,Hydration
Whey Protein,Protein
Vitamin C,Vitamin
Fish Oil,Omega
Multivitamin,Vitamin
Pre-Workout,Performance
BCAA,Amino Acid
Creatine,Performance
Zinc,Mineral
Collagen Peptides,Protein
Magnesium,Mineral
Ashwagandha,Herbal
Melatonin,Sleep Aid
Biotin,Vitamin
Green Tea Extract,Fat Burner
Iron Supplement,Mineral
Electrolyte Powder,Hydration
Whey Protein,Protein
Vitamin C,Vitamin
Fish Oil,Omega
Multivitamin,Vitamin
Pre-Workout,Performance
BCAA,Amino Acid
Creatine,Performance
Zinc,Mineral
Collagen Peptides,Protein
Magnesium,Mineral
Ashwagandha,Herbal
Melatonin,Sleep Aid
Biotin,Vitamin
Green Tea Extract,Fat Burner
Iron Supplement,Mineral
Electrolyte Powder,Hydration
Whey Protein,Protein
Vitamin C,Vitamin
Fish Oil,Omega
Multivitamin,Vitamin
Pre-Workout,Performance
BCAA,Amino Acid
Creatine,Performance
Zinc,Mineral
Collagen Peptides,Protein
Magnesium,Mineral
Ashwagandha,Herbal
Melatonin,Sleep Aid
Biotin,Vitamin
Green Tea Extract,Fat Burner
Iron Supplement,Mineral
Electrolyte Powder,Hydration
Whey Protein,Protein
Vitamin C,Vitamin
Fish Oil,Omega
Multivitamin,Vitamin
Pre-Workout,Performance
BCAA,Amino Acid
Creatine,Performance
Zinc,Mineral
Collagen Peptides,Protein
Magnesium,Mineral
Ashwagandha,Herbal
Melatonin,Sleep Aid
Biotin,Vitamin
Green Tea Extract,Fat Burner
Iron Supplement,Mineral
Electrolyte Powder,Hydration
Whey Protein,Protein
Vitamin C,Vitamin
Fish Oil,Omega
Multivitamin,Vitamin
Pre-Workout,Performance
BCAA,Amino Acid
Creatine,Performance
Zinc,Mineral
Collagen Peptides,Protein
Magnesium,Mineral
Ashwagandha,Herbal
Melatonin,Sleep Aid
Biotin,Vitamin
Green Tea Extract,Fat Burner
Iron Supplement,Mineral
Electrolyte Powder,Hydration
Whey Protein,Protein
Vitamin C,Vitamin
Fish Oil,Omega
Multivitamin,Vitamin
Pre-Workout,Performance
BCAA,Amino Acid
Creatine,Performance
Zinc,Mineral
Collagen Peptides,Protein
Magnesium,Mineral
Ashwagandha,Herbal
Melatonin,Sleep Aid
Biotin,Vitamin
Green Tea Extract,Fat Burner
Iron Supplement,Mineral
Electrolyte Powder,Hydration
Whey Protein,Protein
Vitamin C,Vitamin
Fish Oil,Omega
Multivitamin,Vitamin
Pre-Workout,Performance
BCAA,Amino Acid
Creatine,Performance
Zinc,Mineral
Collagen Peptides,Protein
Magnesium,Mineral
Ashwagandha,Herbal
Melatonin,Sleep Aid
Biotin,Vitamin
Green Tea Extract,Fat Burner
Iron Supplement,Mineral
Electrolyte Powder,Hydration
Whey Protein,Protein
Vitamin C,Vitamin
Fish Oil,Omega
Multivitamin,Vitamin
Pre-Workout,Performance
BCAA,Amino Acid
Creatine,Performance
Zinc,Mineral
Collagen Peptides,Protein
Magnesium,Mineral
Ashwagandha,Herbal
Melatonin,Sleep Aid
Biotin,Vitamin
Green Tea Extract,Fat Burner
Iron Supplement,Mineral
Electrolyte Powder,Hydration
Whey Protein,Protein
Vitamin C,Vitamin
Fish Oil,Omega
Multivitamin,Vitamin
Pre-Workout,Performance
BCAA,Amino Acid
Creatine,Performance
Zinc,Mineral
Collagen Peptides,Protein
Magnesium,Mineral
Ashwagandha,Herbal
Melatonin,Sleep Aid
Biotin,Vitamin
Green Tea Extract,Fat Burner
Iron Supplement,Mineral
Electrolyte Powder,Hydration
Whey Protein,Protein
Vitamin C,Vitamin
Fish Oil,Omega
Multivitamin,Vitamin
Pre-Workout,Performance
BCAA,Amino Acid
Creatine,Performance
Zinc,Mineral
Collagen Peptides,Protein
Magnesium,Mineral
Ashwagandha,Herbal
Melatonin,Sleep Aid
Biotin,Vitamin
Green Tea Extract,Fat Burner
Iron Supplement,Mineral
Electrolyte Powder,Hydration
Whey Protein,Protein
Vitamin C,Vitamin
Fish Oil,Omega
Multivitamin,Vitamin
Pre-Workout,Performance
BCAA,Amino Acid
Creatine,Performance
Zinc,Mineral
Collagen Peptides,Protein
Magnesium,Mineral
Ashwagandha,Herbal
Melatonin,Sleep Aid
Biotin,Vitamin
Green Tea Extract,Fat Burner
Iron Supplement,Mineral
Electrolyte Powder,Hydration
Whey Protein,Protein
Vitamin C,Vitamin
Fish Oil,Omega
Multivitamin,Vitamin
Pre-Workout,Performance
BCAA,Amino Acid
Creatine,Performance
Zinc,Mineral
Collagen Peptides,Protein
Magnesium,Mineral
Ashwagandha,Herbal
Melatonin,Sleep Aid
Biotin,Vitamin
Green Tea Extract,Fat Burner
Iron Supplement,Mineral
Electrolyte Powder,Hydration
Whey Protein,Protein
Vitamin C,Vitamin
Fish Oil,Omega
Multivitamin,Vitamin
Pre-Workout,Performance
BCAA,Amino Acid
Creatine,Performance
Zinc,Mineral
Collagen Peptides,Protein
Magnesium,Mineral
Ashwagandha,Herbal
Melatonin,Sleep Aid
Biotin,Vitamin
Green Tea Extract,Fat Burner
Iron Supplement,Mineral
Electrolyte Powder,Hydration
Whey Protein,Protein
Vitamin C,Vitamin
Fish Oil,Omega
Multivitamin,Vitamin
Pre-Workout,Performance
BCAA,Amino Acid
Creatine,Performance
Zinc,Mineral
Collagen Peptides,Protein
Magnesium,Mineral
Ashwagandha,Herbal
Melatonin,Sleep Aid
Biotin,Vitamin
Green Tea Extract,Fat Burner
Iron Supplement,Mineral
Electrolyte Powder,Hydration
Whey Protein,Protein
Vitamin C,Vitamin
Fish Oil,Omega
Multivitamin,Vitamin
Pre-Workout,Performance
BCAA,Amino Acid
Creatine,Performance
Zinc,Mineral
Collagen Peptides,Protein
Magnesium,Mineral
Ashwagandha,Herbal
Melatonin,Sleep Aid
Biotin,Vitamin
Green Tea Extract,Fat Burner
Iron Supplement,Mineral
Electrolyte Powder,Hydration
Whey Protein,Protein
Vitamin C,Vitamin
Fish Oil,Omega
Multivitamin,Vitamin
Pre-Workout,Performance
BCAA,Amino Acid
Creatine,Performance
Zinc,Mineral
Collagen Peptides,Protein
Magnesium,Mineral
Ashwagandha,Herbal
Melatonin,Sleep Aid
Biotin,Vitamin
Green Tea Extract,Fat Burner
Iron Supplement,Mineral
Electrolyte Powder,Hydration
Whey Protein,Protein
Vitamin C,Vitamin
Fish Oil,Omega
Multivitamin,Vitamin
Pre-Workout,Performance
BCAA,Amino Acid
Creatine,Performance
Zinc,Mineral
Collagen Peptides,Protein
Magnesium,Mineral
Ashwagandha,Herbal
Melatonin,Sleep Aid
Biotin,Vitamin
Green Tea Extract,Fat Burner
Iron Supplement,Mineral
Electrolyte Powder,Hydration
Whey Protein,Protein
Vitamin C,Vitamin
Fish Oil,Omega
Multivitamin,Vitamin
Pre-Workout,Performance
BCAA,Amino Acid
Creatine,Performance
Zinc,Mineral
Collagen Peptides,Protein
Magnesium,Mineral
Ashwagandha,Herbal
Melatonin,Sleep Aid
Biotin,Vitamin
Green Tea Extract,Fat Burner
Iron Supplement,Mineral
Electrolyte Powder,Hydration
Whey Protein,Protein
Vitamin C,Vitamin
Fish Oil,Omega
Multivitamin,Vitamin
Pre-Workout,Performance
BCAA,Amino Acid
Creatine,Performance
Zinc,Mineral
Collagen Peptides,Protein
Magnesium,Mineral
Ashwagandha,Herbal
Melatonin,Sleep Aid
Biotin,Vitamin
Green Tea Extract,Fat Burner
Iron Supplement,Mineral
Electrolyte Powder,Hydration
Whey Protein,Protein
Vitamin C,Vitamin
Fish Oil,Omega
Multivitamin,Vitamin
Pre-Workout,Performance
BCAA,Amino Acid
Creatine,Performance
Zinc,Mineral
Collagen Peptides,Protein
Magnesium,Mineral
Ashwagandha,Herbal
Melatonin,Sleep Aid
Biotin,Vitamin
Green Tea Extract,Fat Burner
Iron Supplement,Mineral
Electrolyte Powder,Hydration
Whey Protein,Protein
Vitamin C,Vitamin
Fish Oil,Omega
Multivitamin,Vitamin
Pre-Workout,Performance
BCAA,Amino Acid
Creatine,Performance
Zinc,Mineral
Collagen Peptides,Protein
Magnesium,Mineral
Ashwagandha,Herbal
Melatonin,Sleep Aid
Biotin,Vitamin
Green Tea Extract,Fat Burner
Iron Supplement,Mineral
Electrolyte Powder,Hydration
Whey Protein,Protein
Vitamin C,Vitamin
Fish Oil,Omega
Multivitamin,Vitamin
Pre-Workout,Performance
BCAA,Amino Acid
Creatine,Performance
Zinc,Mineral
Collagen Peptides,Protein
Magnesium,Mineral
Ashwagandha,Herbal
Melatonin,Sleep Aid
Biotin,Vitamin
Green Tea Extract,Fat Burner
Iron Supplement,Mineral
Electrolyte Powder,Hydration
Whey Protein,Protein
Vitamin C,Vitamin
Fish Oil,Omega
Multivitamin,Vitamin
Pre-Workout,Performance
BCAA,Amino Acid
Creatine,Performance
Zinc,Mineral
Collagen Peptides,Protein
Magnesium,Mineral
Ashwagandha,Herbal
Melatonin,Sleep Aid
Biotin,Vitamin
Green Tea Extract,Fat Burner
Iron Supplement,Mineral
Electrolyte Powder,Hydration
Whey Protein,Protein
Vitamin C,Vitamin
Fish Oil,Omega
Multivitamin,Vitamin
Pre-Workout,Performance
BCAA,Amino Acid
Creatine,Performance
Zinc,Mineral
Collagen Peptides,Protein
Magnesium,Mineral
Ashwagandha,Herbal
Melatonin,Sleep Aid
Biotin,Vitamin
Green Tea Extract,Fat Burner
Iron Supplement,Mineral
Electrolyte Powder,Hydration
Whey Protein,Protein
Vitamin C,Vitamin
Fish Oil,Omega
Multivitamin,Vitamin
Pre-Workout,Performance
BCAA,Amino Acid
Creatine,Performance
Zinc,Mineral
Collagen Peptides,Protein
Magnesium,Mineral
Ashwagandha,Herbal
Melatonin,Sleep Aid
Biotin,Vitamin
Green Tea Extract,Fat Burner
Iron Supplement,Mineral
Electrolyte Powder,Hydration
Whey Protein,Protein
Vitamin C,Vitamin
Fish Oil,Omega
Multivitamin,Vitamin
Pre-Workout,Performance
BCAA,Amino Acid
Creatine,Performance
Zinc,Mineral
Collagen Peptides,Protein
Magnesium,Mineral
Ashwagandha,Herbal
Melatonin,Sleep Aid
Biotin,Vitamin
Green Tea Extract,Fat Burner
Iron Supplement,Mineral
Electrolyte Powder,Hydration
Whey Protein,Protein
Vitamin C,Vitamin
Fish Oil,Omega
Multivitamin,Vitamin
Pre-Workout,Performance
BCAA,Amino Acid
Creatine,Performance
Zinc,Mineral
Collagen Peptides,Protein
Magnesium,Mineral
Ashwagandha,Herbal
Melatonin,Sleep Aid
Biotin,Vitamin
Green Tea Extract,Fat Burner
Iron Supplement,Mineral
Electrolyte Powder,Hydration
Whey Protein,Protein
Vitamin C,Vitamin
Fish Oil,Omega
Multivitamin,Vitamin
Pre-Workout,Performance
BCAA,Amino Acid
Creatine,Performance
Zinc,Mineral
Collagen Peptides,Protein
Magnesium,Mineral
Ashwagandha,Herbal
Melatonin,Sleep Aid
Biotin,Vitamin
Green Tea Extract,Fat Burner
Iron Supplement,Mineral
Electrolyte Powder,Hydration
Whey Protein,Protein
Vitamin C,Vitamin
Fish Oil,Omega
Multivitamin,Vitamin
Pre-Workout,Performance
BCAA,Amino Acid
Creatine,Performance
Zinc,Mineral
Collagen Peptides,Protein
Magnesium,Mineral
Ashwagandha,Herbal
Melatonin,Sleep Aid
Biotin,Vitamin
Green Tea Extract,Fat Burner
Iron Supplement,Mineral
Electrolyte Powder,Hydration
Whey Protein,Protein
Vitamin C,Vitamin
Fish Oil,Omega
Multivitamin,Vitamin
Pre-Workout,Performance
BCAA,Amino Acid
Creatine,Performance
Zinc,Mineral
Collagen Peptides,Protein
Magnesium,Mineral
Ashwagandha,Herbal
Melatonin,Sleep Aid
Biotin,Vitamin
Green Tea Extract,Fat Burner
Iron Supplement,Mineral
Electrolyte Powder,Hydration
Whey Protein,Protein
Vitamin C,Vitamin
Fish Oil,Omega
Multivitamin,Vitamin
Pre-Workout,Performance
BCAA,Amino Acid
Creatine,Performance
Zinc,Mineral
Collagen Peptides,Protein
Magnesium,Mineral
Ashwagandha,Herbal
Melatonin,Sleep Aid
Biotin,Vitamin
Green Tea Extract,Fat Burner
Iron Supplement,Mineral
Electrolyte Powder,Hydration
Whey Protein,Protein
Vitamin C,Vitamin
Fish Oil,Omega
Multivitamin,Vitamin
Pre-Workout,Performance
BCAA,Amino Acid
Creatine,Performance
Zinc,Mineral
Collagen Peptides,Protein
Magnesium,Mineral
Ashwagandha,Herbal
Melatonin,Sleep Aid
Biotin,Vitamin
Green Tea Extract,Fat Burner
Iron Supplement,Mineral
Electrolyte Powder,Hydration
Whey Protein,Protein
Vitamin C,Vitamin
Fish Oil,Omega
Multivitamin,Vitamin
Pre-Workout,Performance
BCAA,Amino Acid
Creatine,Performance
Zinc,Mineral
Collagen Peptides,Protein
Magnesium,Mineral
Ashwagandha,Herbal
Melatonin,Sleep Aid
Biotin,Vitamin
Green Tea Extract,Fat Burner
Iron Supplement,Mineral
Electrolyte Powder,Hydration
Whey Protein,Protein
Vitamin C,Vitamin
Fish Oil,Omega
Multivitamin,Vitamin
Pre-Workout,Performance
BCAA,Amino Acid
Creatine,Performance
Zinc,Mineral
Collagen Peptides,Protein
Magnesium,Mineral
Ashwagandha,Herbal
Melatonin,Sleep Aid
Biotin,Vitamin
Green Tea Extract,Fat Burner
Iron Supplement,Mineral
Electrolyte Powder,Hydration
Whey Protein,Protein
Vitamin C,Vitamin
Fish Oil,Omega
Multivitamin,Vitamin
Pre-Workout,Performance
BCAA,Amino Acid
Creatine,Performance
Zinc,Mineral
Collagen Peptides,Protein
Magnesium,Mineral
Ashwagandha,Herbal
Melatonin,Sleep Aid
Biotin,Vitamin
Green Tea Extract,Fat Burner
Iron Supplement,Mineral
Electrolyte Powder,Hydration
Whey Protein,Protein
Vitamin C,Vitamin
Fish Oil,Omega
Multivitamin,Vitamin
Pre-Workout,Performance
BCAA,Amino Acid
Creatine,Performance
Zinc,Mineral
Collagen Peptides,Protein
Magnesium,Mineral
Ashwagandha,Herbal
Melatonin,Sleep Aid
Biotin,Vitamin
Green Tea Extract,Fat Burner
Iron Supplement,Mineral
Electrolyte Powder,Hydration
Whey Protein,Protein
Vitamin C,Vitamin
Fish Oil,Omega
Multivitamin,Vitamin
Pre-Workout,Performance
BCAA,Amino Acid
Creatine,Performance
Zinc,Mineral
Collagen Peptides,Protein
Magnesium,Mineral
Ashwagandha,Herbal
Melatonin,Sleep Aid
Biotin,Vitamin
Green Tea Extract,Fat Burner
Iron Supplement,Mineral
Electrolyte Powder,Hydration
Whey Protein,Protein
Vitamin C,Vitamin
Fish Oil,Omega
Multivitamin,Vitamin
Pre-Workout,Performance
BCAA,Amino Acid
Creatine,Performance
Zinc,Mineral
Collagen Peptides,Protein
Magnesium,Mineral
Ashwagandha,Herbal
Melatonin,Sleep Aid
Biotin,Vitamin
Green Tea Extract,Fat Burner
Iron Supplement,Mineral
Electrolyte Powder,Hydration
Whey Protein,Protein
Vitamin C,Vitamin
Fish Oil,Omega
Multivitamin,Vitamin
Pre-Workout,Performance
BCAA,Amino Acid
Creatine,Performance
Zinc,Mineral
Collagen Peptides,Protein
Magnesium,Mineral
Ashwagandha,Herbal
Melatonin,Sleep Aid
Biotin,Vitamin
Green Tea Extract,Fat Burner
Iron Supplement,Mineral
Electrolyte Powder,Hydration
Whey Protein,Protein
Vitamin C,Vitamin
Fish Oil,Omega
Multivitamin,Vitamin
Pre-Workout,Performance
BCAA,Amino Acid
Creatine,Performance
Zinc,Mineral
Collagen Peptides,Protein
Magnesium,Mineral
Ashwagandha,Herbal
Melatonin,Sleep Aid
Biotin,Vitamin
Green Tea Extract,Fat Burner
Iron Supplement,Mineral
Electrolyte Powder,Hydration
Whey Protein,Protein
Vitamin C,Vitamin
Fish Oil,Omega
Multivitamin,Vitamin
Pre-Workout,Performance
BCAA,Amino Acid
Creatine,Performance
Zinc,Mineral
Collagen Peptides,Protein
Magnesium,Mineral
Ashwagandha,Herbal
Melatonin,Sleep Aid
Biotin,Vitamin
Green Tea Extract,Fat Burner
Iron Supplement,Mineral
Electrolyte Powder,Hydration
Whey Protein,Protein
Vitamin C,Vitamin
Fish Oil,Omega
Multivitamin,Vitamin
Pre-Workout,Performance
BCAA,Amino Acid
Creatine,Performance
Zinc,Mineral
Collagen Peptides,Protein
Magnesium,Mineral
Ashwagandha,Herbal
Melatonin,Sleep Aid
Biotin,Vitamin
Green Tea Extract,Fat Burner
Iron Supplement,Mineral
Electrolyte Powder,Hydration
Whey Protein,Protein
Vitamin C,Vitamin
Fish Oil,Omega
Multivitamin,Vitamin
Pre-Workout,Performance
BCAA,Amino Acid
Creatine,Performance
Zinc,Mineral
Collagen Peptides,Protein
Magnesium,Mineral
Ashwagandha,Herbal
Melatonin,Sleep Aid
Biotin,Vitamin
Green Tea Extract,Fat Burner
Iron Supplement,Mineral
Electrolyte Powder,Hydration
Whey Protein,Protein
Vitamin C,Vitamin
Fish Oil,Omega
Multivitamin,Vitamin
Pre-Workout,Performance
BCAA,Amino Acid
Creatine,Performance
Zinc,Mineral
Collagen Peptides,Protein
Magnesium,Mineral
Ashwagandha,Herbal
Melatonin,Sleep Aid
Biotin,Vitamin
Green Tea Extract,Fat Burner
Iron Supplement,Mineral
Electrolyte Powder,Hydration
Whey Protein,Protein
Vitamin C,Vitamin
Fish Oil,Omega
Multivitamin,Vitamin
Pre-Workout,Performance
BCAA,Amino Acid
Creatine,Performance
Zinc,Mineral
Collagen Peptides,Protein
Magnesium,Mineral
Ashwagandha,Herbal
Melatonin,Sleep Aid
Biotin,Vitamin
Green Tea Extract,Fat Burner
Iron Supplement,Mineral
Electrolyte Powder,Hydration
Whey Protein,Protein
Vitamin C,Vitamin
Fish Oil,Omega
Multivitamin,Vitamin
Pre-Workout,Performance
BCAA,Amino Acid
Creatine,Performance
Zinc,Mineral
Collagen Peptides,Protein
Magnesium,Mineral
Ashwagandha,Herbal
Melatonin,Sleep Aid
Biotin,Vitamin
Green Tea Extract,Fat Burner
Iron Supplement,Mineral
Electrolyte Powder,Hydration
Whey Protein,Protein
Vitamin C,Vitamin
Fish Oil,Omega
Multivitamin,Vitamin
Pre-Workout,Performance
BCAA,Amino Acid
Creatine,Performance
Zinc,Mineral
Collagen Peptides,Protein
Magnesium,Mineral
Ashwagandha,Herbal
Melatonin,Sleep Aid
Biotin,Vitamin
Green Tea Extract,Fat Burner
Iron Supplement,Mineral
Electrolyte Powder,Hydration
Whey Protein,Protein
Vitamin C,Vitamin
Fish Oil,Omega
Multivitamin,Vitamin
Pre-Workout,Performance
BCAA,Amino Acid
Creatine,Performance
Zinc,Mineral
Collagen Peptides,Protein
Magnesium,Mineral
Ashwagandha,Herbal
Melatonin,Sleep Aid
Biotin,Vitamin
Green Tea Extract,Fat Burner
Iron Supplement,Mineral
Electrolyte Powder,Hydration
Whey Protein,Protein
Vitamin C,Vitamin
Fish Oil,Omega
Multivitamin,Vitamin
Pre-Workout,Performance
BCAA,Amino Acid
Creatine,Performance
Zinc,Mineral
Collagen Peptides,Protein
Magnesium,Mineral
Ashwagandha,Herbal
Melatonin,Sleep Aid
Biotin,Vitamin
Green Tea Extract,Fat Burner
Iron Supplement,Mineral
Electrolyte Powder,Hydration
Whey Protein,Protein
Vitamin C,Vitamin
Fish Oil,Omega
Multivitamin,Vitamin
Pre-Workout,Performance
BCAA,Amino Acid
Creatine,Performance
Zinc,Mineral
Collagen Peptides,Protein
Magnesium,Mineral
Ashwagandha,Herbal
Melatonin,Sleep Aid
Biotin,Vitamin
Green Tea Extract,Fat Burner
Iron Supplement,Mineral
Electrolyte Powder,Hydration
Whey Protein,Protein
Vitamin C,Vitamin
Fish Oil,Omega
Multivitamin,Vitamin
Pre-Workout,Performance
BCAA,Amino Acid
Creatine,Performance
Zinc,Mineral
Collagen Peptides,Protein
Magnesium,Mineral
Ashwagandha,Herbal
Melatonin,Sleep Aid
Biotin,Vitamin
Green Tea Extract,Fat Burner
Iron Supplement,Mineral
Electrolyte Powder,Hydration
Whey Protein,Protein
Vitamin C,Vitamin
Fish Oil,Omega
Multivitamin,Vitamin
Pre-Workout,Performance
BCAA,Amino Acid
Creatine,Performance
Zinc,Mineral
Collagen Peptides,Protein
Magnesium,Mineral
Ashwagandha,Herbal
Melatonin,Sleep Aid
Biotin,Vitamin
Green Tea Extract,Fat Burner
Iron Supplement,Mineral
Electrolyte Powder,Hydration
Whey Protein,Protein
Vitamin C,Vitamin
Fish Oil,Omega
Multivitamin,Vitamin
Pre-Workout,Performance
BCAA,Amino Acid
Creatine,Performance
Zinc,Mineral
Collagen Peptides,Protein
Magnesium,Mineral
Ashwagandha,Herbal
Melatonin,Sleep Aid
Biotin,Vitamin
Green Tea Extract,Fat Burner
Iron Supplement,Mineral
Electrolyte Powder,Hydration
Whey Protein,Protein
Vitamin C,Vitamin
Fish Oil,Omega
Multivitamin,Vitamin
Pre-Workout,Performance
BCAA,Amino Acid
Creatine,Performance
Zinc,Mineral
Collagen Peptides,Protein
Magnesium,Mineral
Ashwagandha,Herbal
Melatonin,Sleep Aid
Biotin,Vitamin
Green Tea Extract,Fat Burner
Iron Supplement,Mineral
Electrolyte Powder,Hydration
Whey Protein,Protein
Vitamin C,Vitamin
Fish Oil,Omega
Multivitamin,Vitamin
Pre-Workout,Performance
BCAA,Amino Acid
Creatine,Performance
Zinc,Mineral
Collagen Peptides,Protein
Magnesium,Mineral
Ashwagandha,Herbal
Melatonin,Sleep Aid
Biotin,Vitamin
Green Tea Extract,Fat Burner
Iron Supplement,Mineral
Electrolyte Powder,Hydration
Whey Protein,Protein
Vitamin C,Vitamin
Fish Oil,Omega
Multivitamin,Vitamin
Pre-Workout,Performance
BCAA,Amino Acid
Creatine,Performance
Zinc,Mineral
Collagen Peptides,Protein
Magnesium,Mineral
Ashwagandha,Herbal
Melatonin,Sleep Aid
Biotin,Vitamin
Green Tea Extract,Fat Burner
Iron Supplement,Mineral
Electrolyte Powder,Hydration
Whey Protein,Protein
Vitamin C,Vitamin
Fish Oil,Omega
Multivitamin,Vitamin
Pre-Workout,Performance
BCAA,Amino Acid
Creatine,Performance
Zinc,Mineral
Collagen Peptides,Protein
Magnesium,Mineral
Ashwagandha,Herbal
Melatonin,Sleep Aid
Biotin,Vitamin
Green Tea Extract,Fat Burner
Iron Supplement,Mineral
Electrolyte Powder,Hydration
Whey Protein,Protein
Vitamin C,Vitamin
Fish Oil,Omega
Multivitamin,Vitamin
Pre-Workout,Performance
BCAA,Amino Acid
Creatine,Performance
Zinc,Mineral
Collagen Peptides,Protein
Magnesium,Mineral
Ashwagandha,Herbal
Melatonin,Sleep Aid
Biotin,Vitamin
Green Tea Extract,Fat Burner
Iron Supplement,Mineral
Electrolyte Powder,Hydration
Whey Protein,Protein
Vitamin C,Vitamin
Fish Oil,Omega
Multivitamin,Vitamin
Pre-Workout,Performance
BCAA,Amino Acid
Creatine,Performance
Zinc,Mineral
Collagen Peptides,Protein
Magnesium,Mineral
Ashwagandha,Herbal
Melatonin,Sleep Aid
Biotin,Vitamin
Green Tea Extract,Fat Burner
Iron Supplement,Mineral
Electrolyte Powder,Hydration
Whey Protein,Protein
Vitamin C,Vitamin
Fish Oil,Omega
Multivitamin,Vitamin
Pre-Workout,Performance
BCAA,Amino Acid
Creatine,Performance
Zinc,Mineral
Collagen Peptides,Protein
Magnesium,Mineral
Ashwagandha,Herbal
Melatonin,Sleep Aid
Biotin,Vitamin
Green Tea Extract,Fat Burner
Iron Supplement,Mineral
Electrolyte Powder,Hydration
Whey Protein,Protein
Vitamin C,Vitamin
Fish Oil,Omega
Multivitamin,Vitamin
Pre-Workout,Performance
BCAA,Amino Acid
Creatine,Performance
Zinc,Mineral
Collagen Peptides,Protein
Magnesium,Mineral
Ashwagandha,Herbal
Melatonin,Sleep Aid
Biotin,Vitamin
Green Tea Extract,Fat Burner
Iron Supplement,Mineral
Electrolyte Powder,Hydration
Whey Protein,Protein
Vitamin C,Vitamin
Fish Oil,Omega
Multivitamin,Vitamin
Pre-Workout,Performance
BCAA,Amino Acid
Creatine,Performance
Zinc,Mineral
Collagen Peptides,Protein
Magnesium,Mineral
Ashwagandha,Herbal
Melatonin,Sleep Aid
Biotin,Vitamin
Green Tea Extract,Fat Burner
Iron Supplement,Mineral
Electrolyte Powder,Hydration
Whey Protein,Protein
Vitamin C,Vitamin
Fish Oil,Omega
Multivitamin,Vitamin
Pre-Workout,Performance
BCAA,Amino Acid
Creatine,Performance
Zinc,Mineral
Collagen Peptides,Protein
Magnesium,Mineral
Ashwagandha,Herbal
Melatonin,Sleep Aid
Biotin,Vitamin
Green Tea Extract,Fat Burner
Iron Supplement,Mineral
Electrolyte Powder,Hydration
Whey Protein,Protein
Vitamin C,Vitamin
Fish Oil,Omega
Multivitamin,Vitamin
Pre-Workout,Performance
BCAA,Amino Acid
Creatine,Performance
Zinc,Mineral
Collagen Peptides,Protein
Magnesium,Mineral
Ashwagandha,Herbal
Melatonin,Sleep Aid
Biotin,Vitamin
Green Tea Extract,Fat Burner
Iron Supplement,Mineral
Electrolyte Powder,Hydration
Whey Protein,Protein
Vitamin C,Vitamin
Fish Oil,Omega
Multivitamin,Vitamin
Pre-Workout,Performance
BCAA,Amino Acid
Creatine,Performance
Zinc,Mineral
Collagen Peptides,Protein
Magnesium,Mineral
Ashwagandha,Herbal
Melatonin,Sleep Aid
Biotin,Vitamin
Green Tea Extract,Fat Burner
Iron Supplement,Mineral
Electrolyte Powder,Hydration
Whey Protein,Protein
Vitamin C,Vitamin
Fish Oil,Omega
Multivitamin,Vitamin
Pre-Workout,Performance
BCAA,Amino Acid
Creatine,Performance
Zinc,Mineral
Collagen Peptides,Protein
Magnesium,Mineral
Ashwagandha,Herbal
Melatonin,Sleep Aid
Biotin,Vitamin
Green Tea Extract,Fat Burner
Iron Supplement,Mineral
Electrolyte Powder,Hydration
Whey Protein,Protein
Vitamin C,Vitamin
Fish Oil,Omega
Multivitamin,Vitamin
Pre-Workout,Performance
BCAA,Amino Acid
Creatine,Performance
Zinc,Mineral
Collagen Peptides,Protein
Magnesium,Mineral
Ashwagandha,Herbal
Melatonin,Sleep Aid
Biotin,Vitamin
Green Tea Extract,Fat Burner
Iron Supplement,Mineral
Electrolyte Powder,Hydration
Whey Protein,Protein
Vitamin C,Vitamin
Fish Oil,Omega
Multivitamin,Vitamin
Pre-Workout,Performance
BCAA,Amino Acid
Creatine,Performance
Zinc,Mineral
Collagen Peptides,Protein
Magnesium,Mineral
Ashwagandha,Herbal
Melatonin,Sleep Aid
Biotin,Vitamin
Green Tea Extract,Fat Burner
Iron Supplement,Mineral
Electrolyte Powder,Hydration
Whey Protein,Protein
Vitamin C,Vitamin
Fish Oil,Omega
Multivitamin,Vitamin
Pre-Workout,Performance
BCAA,Amino Acid
Creatine,Performance
Zinc,Mineral
Collagen Peptides,Protein
Magnesium,Mineral
Ashwagandha,Herbal
Melatonin,Sleep Aid
Biotin,Vitamin
Green Tea Extract,Fat Burner
Iron Supplement,Mineral
Electrolyte Powder,Hydration
Whey Protein,Protein
Vitamin C,Vitamin
Fish Oil,Omega
Multivitamin,Vitamin
Pre-Workout,Performance
BCAA,Amino Acid
Creatine,Performance
Zinc,Mineral
Collagen Peptides,Protein
Magnesium,Mineral
Ashwagandha,Herbal
Melatonin,Sleep Aid
Biotin,Vitamin
Green Tea Extract,Fat Burner
Iron Supplement,Mineral
Electrolyte Powder,Hydration
Whey Protein,Protein
Vitamin C,Vitamin
Fish Oil,Omega
Multivitamin,Vitamin
Pre-Workout,Performance
BCAA,Amino Acid
Creatine,Performance
Zinc,Mineral
Collagen Peptides,Protein
Magnesium,Mineral
Ashwagandha,Herbal
Melatonin,Sleep Aid
Biotin,Vitamin
Green Tea Extract,Fat Burner
Iron Supplement,Mineral
Electrolyte Powder,Hydration
Whey Protein,Protein
Vitamin C,Vitamin
Fish Oil,Omega
Multivitamin,Vitamin
Pre-Workout,Performance
BCAA,Amino Acid
Creatine,Performance
Zinc,Mineral
Collagen Peptides,Protein
Magnesium,Mineral
Ashwagandha,Herbal
Melatonin,Sleep Aid
Biotin,Vitamin
Green Tea Extract,Fat Burner
Iron Supplement,Mineral
Electrolyte Powder,Hydration
Whey Protein,Protein
Vitamin C,Vitamin
Fish Oil,Omega
Multivitamin,Vitamin
Pre-Workout,Performance
BCAA,Amino Acid
Creatine,Performance
Zinc,Mineral
Collagen Peptides,Protein
Magnesium,Mineral
Ashwagandha,Herbal
Melatonin,Sleep Aid
Biotin,Vitamin
Green Tea Extract,Fat Burner
Iron Supplement,Mineral
Electrolyte Powder,Hydration
Whey Protein,Protein
Vitamin C,Vitamin
Fish Oil,Omega
Multivitamin,Vitamin
Pre-Workout,Performance
BCAA,Amino Acid
Creatine,Performance
Zinc,Mineral
Collagen Peptides,Protein
Magnesium,Mineral
Ashwagandha,Herbal
Melatonin,Sleep Aid
Biotin,Vitamin
Green Tea Extract,Fat Burner
Iron Supplement,Mineral
Electrolyte Powder,Hydration
Whey Protein,Protein
Vitamin C,Vitamin
Fish Oil,Omega
Multivitamin,Vitamin
Pre-Workout,Performance
BCAA,Amino Acid
Creatine,Performance
Zinc,Mineral
Collagen Peptides,Protein
Magnesium,Mineral
Ashwagandha,Herbal
Melatonin,Sleep Aid
Biotin,Vitamin
Green Tea Extract,Fat Burner
Iron Supplement,Mineral
Electrolyte Powder,Hydration
Whey Protein,Protein
Vitamin C,Vitamin
Fish Oil,Omega
Multivitamin,Vitamin
Pre-Workout,Performance
BCAA,Amino Acid
Creatine,Performance
Zinc,Mineral
Collagen Peptides,Protein
Magnesium,Mineral
Ashwagandha,Herbal
Melatonin,Sleep Aid
Biotin,Vitamin
Green Tea Extract,Fat Burner
Iron Supplement,Mineral
Electrolyte Powder,Hydration
Whey Protein,Protein
Vitamin C,Vitamin
Fish Oil,Omega
Multivitamin,Vitamin
Pre-Workout,Performance
BCAA,Amino Acid
Creatine,Performance
Zinc,Mineral
Collagen Peptides,Protein
Magnesium,Mineral
Ashwagandha,Herbal
Melatonin,Sleep Aid
Biotin,Vitamin
Green Tea Extract,Fat Burner
Iron Supplement,Mineral
Electrolyte Powder,Hydration
Whey Protein,Protein
Vitamin C,Vitamin
Fish Oil,Omega
Multivitamin,Vitamin
Pre-Workout,Performance
BCAA,Amino Acid
Creatine,Performance
Zinc,Mineral
Collagen Peptides,Protein
Magnesium,Mineral
Ashwagandha,Herbal
Melatonin,Sleep Aid
Biotin,Vitamin
Green Tea Extract,Fat Burner
Iron Supplement,Mineral
Electrolyte Powder,Hydration
Whey Protein,Protein
Vitamin C,Vitamin
Fish Oil,Omega
Multivitamin,Vitamin
Pre-Workout,Performance
BCAA,Amino Acid
Creatine,Performance
Zinc,Mineral
Collagen Peptides,Protein
Magnesium,Mineral
Ashwagandha,Herbal
Melatonin,Sleep Aid
Biotin,Vitamin
Green Tea Extract,Fat Burner
Iron Supplement,Mineral
Electrolyte Powder,Hydration
Whey Protein,Protein
Vitamin C,Vitamin
Fish Oil,Omega
Multivitamin,Vitamin
Pre-Workout,Performance
BCAA,Amino Acid
Creatine,Performance
Zinc,Mineral
Collagen Peptides,Protein
Magnesium,Mineral
Ashwagandha,Herbal
Melatonin,Sleep Aid
Biotin,Vitamin
Green Tea Extract,Fat Burner
Iron Supplement,Mineral
Electrolyte Powder,Hydration
Whey Protein,Protein
Vitamin C,Vitamin
Fish Oil,Omega
Multivitamin,Vitamin
Pre-Workout,Performance
BCAA,Amino Acid
Creatine,Performance
Zinc,Mineral
Collagen Peptides,Protein
Magnesium,Mineral
Ashwagandha,Herbal
Melatonin,Sleep Aid
Biotin,Vitamin
Green Tea Extract,Fat Burner
Iron Supplement,Mineral
Electrolyte Powder,Hydration
Whey Protein,Protein
Vitamin C,Vitamin
Fish Oil,Omega
Multivitamin,Vitamin
Pre-Workout,Performance
BCAA,Amino Acid
Creatine,Performance
Zinc,Mineral
Collagen Peptides,Protein
Magnesium,Mineral
Ashwagandha,Herbal
Melatonin,Sleep Aid
Biotin,Vitamin
Green Tea Extract,Fat Burner
Iron Supplement,Mineral
Electrolyte Powder,Hydration
Whey Protein,Protein
Vitamin C,Vitamin
Fish Oil,Omega
Multivitamin,Vitamin
Pre-Workout,Performance
BCAA,Amino Acid
Creatine,Performance
Zinc,Mineral
Collagen Peptides,Protein
Magnesium,Mineral
Ashwagandha,Herbal
Melatonin,Sleep Aid
Biotin,Vitamin
Green Tea Extract,Fat Burner
Iron Supplement,Mineral
Electrolyte Powder,Hydration
Whey Protein,Protein
Vitamin C,Vitamin
Fish Oil,Omega
Multivitamin,Vitamin
Pre-Workout,Performance
BCAA,Amino Acid
Creatine,Performance
Zinc,Mineral
Collagen Peptides,Protein
Magnesium,Mineral
Ashwagandha,Herbal
Melatonin,Sleep Aid
Biotin,Vitamin
Green Tea Extract,Fat Burner
Iron Supplement,Mineral
Electrolyte Powder,Hydration
Whey Protein,Protein
Vitamin C,Vitamin
Fish Oil,Omega
Multivitamin,Vitamin
Pre-Workout,Performance
BCAA,Amino Acid
Creatine,Performance
Zinc,Mineral
Collagen Peptides,Protein
Magnesium,Mineral
Ashwagandha,Herbal
Melatonin,Sleep Aid
Biotin,Vitamin
Green Tea Extract,Fat Burner
Iron Supplement,Mineral
Electrolyte Powder,Hydration
Whey Protein,Protein
Vitamin C,Vitamin
Fish Oil,Omega
Multivitamin,Vitamin
Pre-Workout,Performance
BCAA,Amino Acid
Creatine,Performance
Zinc,Mineral
Collagen Peptides,Protein
Magnesium,Mineral
Ashwagandha,Herbal
Melatonin,Sleep Aid
Biotin,Vitamin
Green Tea Extract,Fat Burner
Iron Supplement,Mineral
Electrolyte Powder,Hydration
Whey Protein,Protein
Vitamin C,Vitamin
Fish Oil,Omega
Multivitamin,Vitamin
Pre-Workout,Performance
BCAA,Amino Acid
Creatine,Performance
Zinc,Mineral
Collagen Peptides,Protein
Magnesium,Mineral
Ashwagandha,Herbal
Melatonin,Sleep Aid
Biotin,Vitamin
Green Tea Extract,Fat Burner
Iron Supplement,Mineral
Electrolyte Powder,Hydration
Whey Protein,Protein
Vitamin C,Vitamin
Fish Oil,Omega
Multivitamin,Vitamin
Pre-Workout,Performance
BCAA,Amino Acid
Creatine,Performance
Zinc,Mineral
Collagen Peptides,Protein
Magnesium,Mineral
Ashwagandha,Herbal
Melatonin,Sleep Aid
Biotin,Vitamin
Green Tea Extract,Fat Burner
Iron Supplement,Mineral
Electrolyte Powder,Hydration
Whey Protein,Protein
Vitamin C,Vitamin
Fish Oil,Omega
Multivitamin,Vitamin
Pre-Workout,Performance
BCAA,Amino Acid
Creatine,Performance
Zinc,Mineral
Collagen Peptides,Protein
Magnesium,Mineral
Ashwagandha,Herbal
Melatonin,Sleep Aid
Biotin,Vitamin
Green Tea Extract,Fat Burner
Iron Supplement,Mineral
Electrolyte Powder,Hydration
Whey Protein,Protein
Vitamin C,Vitamin
Fish Oil,Omega
Multivitamin,Vitamin
Pre-Workout,Performance
BCAA,Amino Acid
Creatine,Performance
Zinc,Mineral
Collagen Peptides,Protein
Magnesium,Mineral
Ashwagandha,Herbal
Melatonin,Sleep Aid
Biotin,Vitamin
Green Tea Extract,Fat Burner
Iron Supplement,Mineral
Electrolyte Powder,Hydration
Whey Protein,Protein
Vitamin C,Vitamin
Fish Oil,Omega
Multivitamin,Vitamin
Pre-Workout,Performance
BCAA,Amino Acid
Creatine,Performance
Zinc,Mineral
Collagen Peptides,Protein
Magnesium,Mineral
Ashwagandha,Herbal
Melatonin,Sleep Aid
Biotin,Vitamin
Green Tea Extract,Fat Burner
Iron Supplement,Mineral
Electrolyte Powder,Hydration
Whey Protein,Protein
Vitamin C,Vitamin
Fish Oil,Omega
Multivitamin,Vitamin
Pre-Workout,Performance
BCAA,Amino Acid
Creatine,Performance
Zinc,Mineral
Collagen Peptides,Protein
Magnesium,Mineral
Ashwagandha,Herbal
Melatonin,Sleep Aid
Biotin,Vitamin
Green Tea Extract,Fat Burner
Iron Supplement,Mineral
Electrolyte Powder,Hydration
Whey Protein,Protein
Vitamin C,Vitamin
Fish Oil,Omega
Multivitamin,Vitamin
Pre-Workout,Performance
BCAA,Amino Acid
Creatine,Performance
Zinc,Mineral
Collagen Peptides,Protein
Magnesium,Mineral
Ashwagandha,Herbal
Melatonin,Sleep Aid
Biotin,Vitamin
Green Tea Extract,Fat Burner
Iron Supplement,Mineral
Electrolyte Powder,Hydration
Whey Protein,Protein
Vitamin C,Vitamin
Fish Oil,Omega
Multivitamin,Vitamin
Pre-Workout,Performance
BCAA,Amino Acid
Creatine,Performance
Zinc,Mineral
Collagen Peptides,Protein
Magnesium,Mineral
Ashwagandha,Herbal
Melatonin,Sleep Aid
Biotin,Vitamin
Green Tea Extract,Fat Burner
Iron Supplement,Mineral
Electrolyte Powder,Hydration
Whey Protein,Protein
Vitamin C,Vitamin
Fish Oil,Omega
Multivitamin,Vitamin
Pre-Workout,Performance
BCAA,Amino Acid
Creatine,Performance
Zinc,Mineral
Collagen Peptides,Protein
Magnesium,Mineral
Ashwagandha,Herbal
Melatonin,Sleep Aid
Biotin,Vitamin
Green Tea Extract,Fat Burner
Iron Supplement,Mineral
Electrolyte Powder,Hydration
Whey Protein,Protein
Vitamin C,Vitamin
Fish Oil,Omega
Multivitamin,Vitamin
Pre-Workout,Performance
BCAA,Amino Acid
Creatine,Performance
Zinc,Mineral
Collagen Peptides,Protein
Magnesium,Mineral
Ashwagandha,Herbal
Melatonin,Sleep Aid
Biotin,Vitamin
Green Tea Extract,Fat Burner
Iron Supplement,Mineral
Electrolyte Powder,Hydration
Whey Protein,Protein
Vitamin C,Vitamin
Fish Oil,Omega
Multivitamin,Vitamin
Pre-Workout,Performance
BCAA,Amino Acid
Creatine,Performance
Zinc,Mineral
Collagen Peptides,Protein
Magnesium,Mineral
Ashwagandha,Herbal
Melatonin,Sleep Aid
Biotin,Vitamin
Green Tea Extract,Fat Burner
Iron Supplement,Mineral
Electrolyte Powder,Hydration
Whey Protein,Protein
Vitamin C,Vitamin
Fish Oil,Omega
Multivitamin,Vitamin
Pre-Workout,Performance
BCAA,Amino Acid
Creatine,Performance
Zinc,Mineral
Collagen Peptides,Protein
Magnesium,Mineral
Ashwagandha,Herbal
Melatonin,Sleep Aid
Biotin,Vitamin
Green Tea Extract,Fat Burner
Iron Supplement,Mineral
Electrolyte Powder,Hydration
Whey Protein,Protein
Vitamin C,Vitamin
Fish Oil,Omega
Multivitamin,Vitamin
Pre-Workout,Performance
BCAA,Amino Acid
Creatine,Performance
Zinc,Mineral
Collagen Peptides,Protein
Magnesium,Mineral
Ashwagandha,Herbal
Melatonin,Sleep Aid
Biotin,Vitamin
Green Tea Extract,Fat Burner
Iron Supplement,Mineral
Electrolyte Powder,Hydration
Whey Protein,Protein
Vitamin C,Vitamin
Fish Oil,Omega
Multivitamin,Vitamin
Pre-Workout,Performance
BCAA,Amino Acid
Creatine,Performance
Zinc,Mineral
Collagen Peptides,Protein
Magnesium,Mineral
Ashwagandha,Herbal
Melatonin,Sleep Aid
Biotin,Vitamin
Green Tea Extract,Fat Burner
Iron Supplement,Mineral
Electrolyte Powder,Hydration
Whey Protein,Protein
Vitamin C,Vitamin
Fish Oil,Omega
Multivitamin,Vitamin
Pre-Workout,Performance
BCAA,Amino Acid
Creatine,Performance
Zinc,Mineral
Collagen Peptides,Protein
Magnesium,Mineral
Ashwagandha,Herbal
Melatonin,Sleep Aid
Biotin,Vitamin
Green Tea Extract,Fat Burner
Iron Supplement,Mineral
Electrolyte Powder,Hydration
Whey Protein,Protein
Vitamin C,Vitamin
Fish Oil,Omega
Multivitamin,Vitamin
Pre-Workout,Performance
BCAA,Amino Acid
Creatine,Performance
Zinc,Mineral
Collagen Peptides,Protein
Magnesium,Mineral
Ashwagandha,Herbal
Melatonin,Sleep Aid
Biotin,Vitamin
Green Tea Extract,Fat Burner
Iron Supplement,Mineral
Electrolyte Powder,Hydration
Whey Protein,Protein
Vitamin C,Vitamin
Fish Oil,Omega
Multivitamin,Vitamin
Pre-Workout,Performance
BCAA,Amino Acid
Creatine,Performance
Zinc,Mineral
Collagen Peptides,Protein
Magnesium,Mineral
Ashwagandha,Herbal
Melatonin,Sleep Aid
Biotin,Vitamin
Green Tea Extract,Fat Burner
Iron Supplement,Mineral
Electrolyte Powder,Hydration
Whey Protein,Protein
Vitamin C,Vitamin
Fish Oil,Omega
Multivitamin,Vitamin
Pre-Workout,Performance
BCAA,Amino Acid
Creatine,Performance
Zinc,Mineral
Collagen Peptides,Protein
Magnesium,Mineral
Ashwagandha,Herbal
Melatonin,Sleep Aid
Biotin,Vitamin
Green Tea Extract,Fat Burner
Iron Supplement,Mineral
Electrolyte Powder,Hydration
Whey Protein,Protein
Vitamin C,Vitamin
Fish Oil,Omega
Multivitamin,Vitamin
Pre-Workout,Performance
BCAA,Amino Acid
Creatine,Performance
Zinc,Mineral
Collagen Peptides,Protein
Magnesium,Mineral
Ashwagandha,Herbal
Melatonin,Sleep Aid
Biotin,Vitamin
Green Tea Extract,Fat Burner
Iron Supplement,Mineral
Electrolyte Powder,Hydration
Whey Protein,Protein
Vitamin C,Vitamin
Fish Oil,Omega
Multivitamin,Vitamin
Pre-Workout,Performance
BCAA,Amino Acid
Creatine,Performance
Zinc,Mineral
Collagen Peptides,Protein
Magnesium,Mineral
Ashwagandha,Herbal
Melatonin,Sleep Aid
Biotin,Vitamin
Green Tea Extract,Fat Burner
Iron Supplement,Mineral
Electrolyte Powder,Hydration
Whey Protein,Protein
Vitamin C,Vitamin
Fish Oil,Omega
Multivitamin,Vitamin
Pre-Workout,Performance
BCAA,Amino Acid
Creatine,Performance
Zinc,Mineral
Collagen Peptides,Protein
Magnesium,Mineral
Ashwagandha,Herbal
Melatonin,Sleep Aid
Biotin,Vitamin
Green Tea Extract,Fat Burner
Iron Supplement,Mineral
Electrolyte Powder,Hydration
Whey Protein,Protein
Vitamin C,Vitamin
Fish Oil,Omega
Multivitamin,Vitamin
Pre-Workout,Performance
BCAA,Amino Acid
Creatine,Performance
Zinc,Mineral
Collagen Peptides,Protein
Magnesium,Mineral
Ashwagandha,Herbal
Melatonin,Sleep Aid
Biotin,Vitamin
Green Tea Extract,Fat Burner
Iron Supplement,Mineral
Electrolyte Powder,Hydration
Whey Protein,Protein
Vitamin C,Vitamin
Fish Oil,Omega
Multivitamin,Vitamin
Pre-Workout,Performance
BCAA,Amino Acid
Creatine,Performance
Zinc,Mineral
Collagen Peptides,Protein
Magnesium,Mineral
Ashwagandha,Herbal
Melatonin,Sleep Aid
Biotin,Vitamin
Green Tea Extract,Fat Burner
Iron Supplement,Mineral
Electrolyte Powder,Hydration
Whey Protein,Protein
Vitamin C,Vitamin
Fish Oil,Omega
Multivitamin,Vitamin
Pre-Workout,Performance
BCAA,Amino Acid
Creatine,Performance
Zinc,Mineral
Collagen Peptides,Protein
Magnesium,Mineral
Ashwagandha,Herbal
Melatonin,Sleep Aid
Biotin,Vitamin
Green Tea Extract,Fat Burner
Iron Supplement,Mineral
Electrolyte Powder,Hydration
Whey Protein,Protein
Vitamin C,Vitamin
Fish Oil,Omega
Multivitamin,Vitamin
Pre-Workout,Performance
BCAA,Amino Acid
Creatine,Performance
Zinc,Mineral
Collagen Peptides,Protein
Magnesium,Mineral
Ashwagandha,Herbal
Melatonin,Sleep Aid
Biotin,Vitamin
Green Tea Extract,Fat Burner
Iron Supplement,Mineral
Electrolyte Powder,Hydration
Whey Protein,Protein
Vitamin C,Vitamin
Fish Oil,Omega
Multivitamin,Vitamin
Pre-Workout,Performance
BCAA,Amino Acid
Creatine,Performance
Zinc,Mineral
Collagen Peptides,Protein
Magnesium,Mineral
Ashwagandha,Herbal
Melatonin,Sleep Aid
Biotin,Vitamin
Green Tea Extract,Fat Burner
Iron Supplement,Mineral
Electrolyte Powder,Hydration
Whey Protein,Protein
Vitamin C,Vitamin
Fish Oil,Omega
Multivitamin,Vitamin
Pre-Workout,Performance
BCAA,Amino Acid
Creatine,Performance
Zinc,Mineral
Collagen Peptides,Protein
Magnesium,Mineral
Ashwagandha,Herbal
Melatonin,Sleep Aid
Biotin,Vitamin
Green Tea Extract,Fat Burner
Iron Supplement,Mineral
Electrolyte Powder,Hydration
Whey Protein,Protein
Vitamin C,Vitamin
Fish Oil,Omega
Multivitamin,Vitamin
Pre-Workout,Performance
BCAA,Amino Acid
Creatine,Performance
Zinc,Mineral
Collagen Peptides,Protein
Magnesium,Mineral
Ashwagandha,Herbal
Melatonin,Sleep Aid
Biotin,Vitamin
Green Tea Extract,Fat Burner
Iron Supplement,Mineral
Electrolyte Powder,Hydration
Whey Protein,Protein
Vitamin C,Vitamin
Fish Oil,Omega
Multivitamin,Vitamin
Pre-Workout,Performance
BCAA,Amino Acid
Creatine,Performance
Zinc,Mineral
Collagen Peptides,Protein
Magnesium,Mineral
Ashwagandha,Herbal
Melatonin,Sleep Aid
Biotin,Vitamin
Green Tea Extract,Fat Burner
Iron Supplement,Mineral
Electrolyte Powder,Hydration
Whey Protein,Protein
Vitamin C,Vitamin
Fish Oil,Omega
Multivitamin,Vitamin
Pre-Workout,Performance
BCAA,Amino Acid
Creatine,Performance
Zinc,Mineral
Collagen Peptides,Protein
Magnesium,Mineral
Ashwagandha,Herbal
Melatonin,Sleep Aid
Biotin,Vitamin
Green Tea Extract,Fat Burner
Iron Supplement,Mineral
Electrolyte Powder,Hydration
Whey Protein,Protein
Vitamin C,Vitamin
Fish Oil,Omega
Multivitamin,Vitamin
Pre-Workout,Performance
BCAA,Amino Acid
Creatine,Performance
Zinc,Mineral
Collagen Peptides,Protein
Magnesium,Mineral
Ashwagandha,Herbal
Melatonin,Sleep Aid
Biotin,Vitamin
Green Tea Extract,Fat Burner
Iron Supplement,Mineral
Electrolyte Powder,Hydration
Whey Protein,Protein
Vitamin C,Vitamin
Fish Oil,Omega
Multivitamin,Vitamin
Pre-Workout,Performance
BCAA,Amino Acid
Creatine,Performance
Zinc,Mineral
Collagen Peptides,Protein
Magnesium,Mineral
Ashwagandha,Herbal
Melatonin,Sleep Aid
Biotin,Vitamin
Green Tea Extract,Fat Burner
Iron Supplement,Mineral
Electrolyte Powder,Hydration
Whey Protein,Protein
Vitamin C,Vitamin
Fish Oil,Omega
Multivitamin,Vitamin
Pre-Workout,Performance
BCAA,Amino Acid
Creatine,Performance
Zinc,Mineral
Collagen Peptides,Protein
Magnesium,Mineral
Ashwagandha,Herbal
Melatonin,Sleep Aid
Biotin,Vitamin
Green Tea Extract,Fat Burner
Iron Supplement,Mineral
Electrolyte Powder,Hydration
Whey Protein,Protein
Vitamin C,Vitamin
Fish Oil,Omega
Multivitamin,Vitamin
Pre-Workout,Performance
BCAA,Amino Acid
Creatine,Performance
Zinc,Mineral
Collagen Peptides,Protein
Magnesium,Mineral
Ashwagandha,Herbal
Melatonin,Sleep Aid
Biotin,Vitamin
Green Tea Extract,Fat Burner
Iron Supplement,Mineral
Electrolyte Powder,Hydration
Whey Protein,Protein
Vitamin C,Vitamin
Fish Oil,Omega
Multivitamin,Vitamin
Pre-Workout,Performance
BCAA,Amino Acid
Creatine,Performance
Zinc,Mineral
Collagen Peptides,Protein
Magnesium,Mineral
Ashwagandha,Herbal
Melatonin,Sleep Aid
Biotin,Vitamin
Green Tea Extract,Fat Burner
Iron Supplement,Mineral
Electrolyte Powder,Hydration
Whey Protein,Protein
Vitamin C,Vitamin
Fish Oil,Omega
Multivitamin,Vitamin
Pre-Workout,Performance
BCAA,Amino Acid
Creatine,Performance
Zinc,Mineral
Collagen Peptides,Protein
Magnesium,Mineral
Ashwagandha,Herbal
Melatonin,Sleep Aid
Biotin,Vitamin
Green Tea Extract,Fat Burner
Iron Supplement,Mineral
Electrolyte Powder,Hydration
Whey Protein,Protein
Vitamin C,Vitamin
Fish Oil,Omega
Multivitamin,Vitamin
Pre-Workout,Performance
BCAA,Amino Acid
Creatine,Performance
Zinc,Mineral
Collagen Peptides,Protein
Magnesium,Mineral
Ashwagandha,Herbal
Melatonin,Sleep Aid
Biotin,Vitamin
Green Tea Extract,Fat Burner
Iron Supplement,Mineral
Electrolyte Powder,Hydration
Whey Protein,Protein
Vitamin C,Vitamin
Fish Oil,Omega
Multivitamin,Vitamin
Pre-Workout,Performance
BCAA,Amino Acid
Creatine,Performance
Zinc,Mineral
Collagen Peptides,Protein
Magnesium,Mineral
Ashwagandha,Herbal
Melatonin,Sleep Aid
Biotin,Vitamin
Green Tea Extract,Fat Burner
Iron Supplement,Mineral
Electrolyte Powder,Hydration
Whey Protein,Protein
Vitamin C,Vitamin
Fish Oil,Omega
Multivitamin,Vitamin
Pre-Workout,Performance
BCAA,Amino Acid
Creatine,Performance
Zinc,Mineral
Collagen Peptides,Protein
Magnesium,Mineral
Ashwagandha,Herbal
Melatonin,Sleep Aid
Biotin,Vitamin
Green Tea Extract,Fat Burner
Iron Supplement,Mineral
Electrolyte Powder,Hydration
Whey Protein,Protein
Vitamin C,Vitamin
Fish Oil,Omega
Multivitamin,Vitamin
Pre-Workout,Performance
BCAA,Amino Acid
Creatine,Performance
Zinc,Mineral
Collagen Peptides,Protein
Magnesium,Mineral
Ashwagandha,Herbal
Melatonin,Sleep Aid
Biotin,Vitamin
Green Tea Extract,Fat Burner
Iron Supplement,Mineral
Electrolyte Powder,Hydration
Whey Protein,Protein
Vitamin C,Vitamin
Fish Oil,Omega
Multivitamin,Vitamin
Pre-Workout,Performance
BCAA,Amino Acid
Creatine,Performance
Zinc,Mineral
Collagen Peptides,Protein
Magnesium,Mineral
Ashwagandha,Herbal
Melatonin,Sleep Aid
Biotin,Vitamin
Green Tea Extract,Fat Burner
Iron Supplement,Mineral
Electrolyte Powder,Hydration
Whey Protein,Protein
Vitamin C,Vitamin
Fish Oil,Omega
Multivitamin,Vitamin
Pre-Workout,Performance
BCAA,Amino Acid
Creatine,Performance
Zinc,Mineral
Collagen Peptides,Protein
Magnesium,Mineral
Ashwagandha,Herbal
Melatonin,Sleep Aid
Biotin,Vitamin
Green Tea Extract,Fat Burner
Iron Supplement,Mineral
Electrolyte Powder,Hydration
Whey Protein,Protein
Vitamin C,Vitamin
Fish Oil,Omega
Multivitamin,Vitamin
Pre-Workout,Performance
BCAA,Amino Acid
Creatine,Performance
Zinc,Mineral
Collagen Peptides,Protein
Magnesium,Mineral
Ashwagandha,Herbal
Melatonin,Sleep Aid
Biotin,Vitamin
Green Tea Extract,Fat Burner
Iron Supplement,Mineral
Electrolyte Powder,Hydration
Whey Protein,Protein
Vitamin C,Vitamin
Fish Oil,Omega
Multivitamin,Vitamin
Pre-Workout,Performance
BCAA,Amino Acid
Creatine,Performance
Zinc,Mineral
Collagen Peptides,Protein
Magnesium,Mineral
Ashwagandha,Herbal
Melatonin,Sleep Aid
Biotin,Vitamin
Green Tea Extract,Fat Burner
Iron Supplement,Mineral
Electrolyte Powder,Hydration
Whey Protein,Protein
Vitamin C,Vitamin
Fish Oil,Omega
Multivitamin,Vitamin
Pre-Workout,Performance
BCAA,Amino Acid
Creatine,Performance
Zinc,Mineral
Collagen Peptides,Protein
Magnesium,Mineral
Ashwagandha,Herbal
Melatonin,Sleep Aid
Biotin,Vitamin
Green Tea Extract,Fat Burner
Iron Supplement,Mineral
Electrolyte Powder,Hydration
Whey Protein,Protein
Vitamin C,Vitamin
Fish Oil,Omega
Multivitamin,Vitamin
Pre-Workout,Performance
BCAA,Amino Acid
Creatine,Performance
Zinc,Mineral
Collagen Peptides,Protein
Magnesium,Mineral
Ashwagandha,Herbal
Melatonin,Sleep Aid
Biotin,Vitamin
Green Tea Extract,Fat Burner
Iron Supplement,Mineral
Electrolyte Powder,Hydration
Whey Protein,Protein
Vitamin C,Vitamin
Fish Oil,Omega
Multivitamin,Vitamin
Pre-Workout,Performance
BCAA,Amino Acid
Creatine,Performance
Zinc,Mineral
Collagen Peptides,Protein
Magnesium,Mineral
Ashwagandha,Herbal
Melatonin,Sleep Aid
Biotin,Vitamin
Green Tea Extract,Fat Burner
Iron Supplement,Mineral
Electrolyte Powder,Hydration
Whey Protein,Protein
Vitamin C,Vitamin
Fish Oil,Omega
Multivitamin,Vitamin
Pre-Workout,Performance
BCAA,Amino Acid
Creatine,Performance
Zinc,Mineral
Collagen Peptides,Protein
Magnesium,Mineral
Ashwagandha,Herbal
Melatonin,Sleep Aid
Biotin,Vitamin
Green Tea Extract,Fat Burner
Iron Supplement,Mineral
Electrolyte Powder,Hydration
Whey Protein,Protein
Vitamin C,Vitamin
Fish Oil,Omega
Multivitamin,Vitamin
Pre-Workout,Performance
BCAA,Amino Acid
Creatine,Performance
Zinc,Mineral
Collagen Peptides,Protein
Magnesium,Mineral
Ashwagandha,Herbal
Melatonin,Sleep Aid
Biotin,Vitamin
Green Tea Extract,Fat Burner
Iron Supplement,Mineral
Electrolyte Powder,Hydration
Whey Protein,Protein
Vitamin C,Vitamin
Fish Oil,Omega
Multivitamin,Vitamin
Pre-Workout,Performance
BCAA,Amino Acid
Creatine,Performance
Zinc,Mineral
Collagen Peptides,Protein
Magnesium,Mineral
Ashwagandha,Herbal
Melatonin,Sleep Aid
Biotin,Vitamin
Green Tea Extract,Fat Burner
Iron Supplement,Mineral
Electrolyte Powder,Hydration
Whey Protein,Protein
Vitamin C,Vitamin
Fish Oil,Omega
Multivitamin,Vitamin
Pre-Workout,Performance
BCAA,Amino Acid
Creatine,Performance
Zinc,Mineral
Collagen Peptides,Protein
Magnesium,Mineral
Ashwagandha,Herbal
Melatonin,Sleep Aid
Biotin,Vitamin
Green Tea Extract,Fat Burner
Iron Supplement,Mineral
Electrolyte Powder,Hydration
Whey Protein,Protein
Vitamin C,Vitamin
Fish Oil,Omega
Multivitamin,Vitamin
Pre-Workout,Performance
BCAA,Amino Acid
Creatine,Performance
Zinc,Mineral
Collagen Peptides,Protein
Magnesium,Mineral
Ashwagandha,Herbal
Melatonin,Sleep Aid
Biotin,Vitamin
Green Tea Extract,Fat Burner
Iron Supplement,Mineral
Electrolyte Powder,Hydration
Whey Protein,Protein
Vitamin C,Vitamin
Fish Oil,Omega
Multivitamin,Vitamin
Pre-Workout,Performance
BCAA,Amino Acid
Creatine,Performance
Zinc,Mineral
Collagen Peptides,Protein
Magnesium,Mineral
Ashwagandha,Herbal
Melatonin,Sleep Aid
Biotin,Vitamin
Green Tea Extract,Fat Burner
Iron Supplement,Mineral
Electrolyte Powder,Hydration
Whey Protein,Protein
Vitamin C,Vitamin
Fish Oil,Omega
Multivitamin,Vitamin
Pre-Workout,Performance
BCAA,Amino Acid
Creatine,Performance
Zinc,Mineral
Collagen Peptides,Protein
Magnesium,Mineral
Ashwagandha,Herbal
Melatonin,Sleep Aid
Biotin,Vitamin
Green Tea Extract,Fat Burner
Iron Supplement,Mineral
Electrolyte Powder,Hydration
Whey Protein,Protein
Vitamin C,Vitamin
Fish Oil,Omega
Multivitamin,Vitamin
Pre-Workout,Performance
BCAA,Amino Acid
Creatine,Performance
Zinc,Mineral
Collagen Peptides,Protein
Magnesium,Mineral
Ashwagandha,Herbal
Melatonin,Sleep Aid
Biotin,Vitamin
Green Tea Extract,Fat Burner
Iron Supplement,Mineral
Electrolyte Powder,Hydration
Whey Protein,Protein
Vitamin C,Vitamin
Fish Oil,Omega
Multivitamin,Vitamin
Pre-Workout,Performance
BCAA,Amino Acid
Creatine,Performance
Zinc,Mineral
Collagen Peptides,Protein
Magnesium,Mineral
Ashwagandha,Herbal
Melatonin,Sleep Aid
Biotin,Vitamin
Green Tea Extract,Fat Burner
Iron Supplement,Mineral
Electrolyte Powder,Hydration
Whey Protein,Protein
Vitamin C,Vitamin
Fish Oil,Omega
Multivitamin,Vitamin
Pre-Workout,Performance
BCAA,Amino Acid
Creatine,Performance
Zinc,Mineral
Collagen Peptides,Protein
Magnesium,Mineral
Ashwagandha,Herbal
Melatonin,Sleep Aid
Biotin,Vitamin
Green Tea Extract,Fat Burner
Iron Supplement,Mineral
Electrolyte Powder,Hydration
